/*
 Navicat Premium Data Transfer

 Source Server         : activiti
 Source Server Type    : MySQL
 Source Server Version : 50732
 Source Host           : yifansun.cn:3306
 Source Schema         : activiti

 Target Server Type    : MySQL
 Target Server Version : 50732
 File Encoding         : 65001

 Date: 23/04/2021 00:40:09
*/

SET NAMES utf8mb4;
SET FOREIGN_KEY_CHECKS = 0;

-- ----------------------------
-- Table structure for ACT_EVT_LOG
-- ----------------------------
DROP TABLE IF EXISTS `ACT_EVT_LOG`;
CREATE TABLE `ACT_EVT_LOG`  (
  `LOG_NR_` bigint(20) NOT NULL AUTO_INCREMENT,
  `TYPE_` varchar(64) CHARACTER SET utf8 COLLATE utf8_bin NULL DEFAULT NULL,
  `PROC_DEF_ID_` varchar(64) CHARACTER SET utf8 COLLATE utf8_bin NULL DEFAULT NULL,
  `PROC_INST_ID_` varchar(64) CHARACTER SET utf8 COLLATE utf8_bin NULL DEFAULT NULL,
  `EXECUTION_ID_` varchar(64) CHARACTER SET utf8 COLLATE utf8_bin NULL DEFAULT NULL,
  `TASK_ID_` varchar(64) CHARACTER SET utf8 COLLATE utf8_bin NULL DEFAULT NULL,
  `TIME_STAMP_` timestamp(3) NOT NULL,
  `USER_ID_` varchar(255) CHARACTER SET utf8 COLLATE utf8_bin NULL DEFAULT NULL,
  `DATA_` longblob NULL,
  `LOCK_OWNER_` varchar(255) CHARACTER SET utf8 COLLATE utf8_bin NULL DEFAULT NULL,
  `LOCK_TIME_` timestamp(3) NULL DEFAULT NULL,
  `IS_PROCESSED_` tinyint(4) NULL DEFAULT 0,
  PRIMARY KEY (`LOG_NR_`) USING BTREE
) ENGINE = InnoDB AUTO_INCREMENT = 1 CHARACTER SET = utf8 COLLATE = utf8_bin ROW_FORMAT = Dynamic;

-- ----------------------------
-- Records of ACT_EVT_LOG
-- ----------------------------

-- ----------------------------
-- Table structure for ACT_GE_BYTEARRAY
-- ----------------------------
DROP TABLE IF EXISTS `ACT_GE_BYTEARRAY`;
CREATE TABLE `ACT_GE_BYTEARRAY`  (
  `ID_` varchar(64) CHARACTER SET utf8 COLLATE utf8_bin NOT NULL,
  `REV_` int(11) NULL DEFAULT NULL,
  `NAME_` varchar(255) CHARACTER SET utf8 COLLATE utf8_bin NULL DEFAULT NULL,
  `DEPLOYMENT_ID_` varchar(64) CHARACTER SET utf8 COLLATE utf8_bin NULL DEFAULT NULL,
  `BYTES_` longblob NULL,
  `GENERATED_` tinyint(4) NULL DEFAULT NULL,
  PRIMARY KEY (`ID_`) USING BTREE,
  INDEX `ACT_FK_BYTEARR_DEPL`(`DEPLOYMENT_ID_`) USING BTREE,
  CONSTRAINT `ACT_FK_BYTEARR_DEPL` FOREIGN KEY (`DEPLOYMENT_ID_`) REFERENCES `ACT_RE_DEPLOYMENT` (`ID_`) ON DELETE RESTRICT ON UPDATE RESTRICT
) ENGINE = InnoDB CHARACTER SET = utf8 COLLATE = utf8_bin ROW_FORMAT = Dynamic;

-- ----------------------------
-- Records of ACT_GE_BYTEARRAY
-- ----------------------------
INSERT INTO `ACT_GE_BYTEARRAY` VALUES ('100004', 1, 'hist.var-evection', NULL, 0xACED00057372001E636F6D2E69746865696D612E64656D6F2E706F6A6F2E4576656374696F6E8F0589E38D60E7DB0200074C0009626567696E446174657400104C6A6176612F7574696C2F446174653B4C000B64657374696E6174696F6E7400124C6A6176612F6C616E672F537472696E673B4C0007656E644461746571007E00014C000C6576656374696F6E4E616D6571007E00024C000269647400104C6A6176612F6C616E672F4C6F6E673B4C00036E756D7400124C6A6176612F6C616E672F446F75626C653B4C00057265736F6E71007E000278707070707070737200106A6176612E6C616E672E446F75626C6580B3C24A296BFB0402000144000576616C7565787200106A6176612E6C616E672E4E756D62657286AC951D0B94E08B0200007870401000000000000070, NULL);
INSERT INTO `ACT_GE_BYTEARRAY` VALUES ('17502', 1, 'bpmn/diagram.bpmn', '17501', 0x3C3F786D6C2076657273696F6E3D22312E302220656E636F64696E673D225554462D3822207374616E64616C6F6E653D22796573223F3E0A3C646566696E6974696F6E7320786D6C6E733D22687474703A2F2F7777772E6F6D672E6F72672F737065632F42504D4E2F32303130303532342F4D4F44454C2220786D6C6E733A61637469766974693D22687474703A2F2F61637469766974692E6F72672F62706D6E2220786D6C6E733A62706D6E64693D22687474703A2F2F7777772E6F6D672E6F72672F737065632F42504D4E2F32303130303532342F44492220786D6C6E733A6F6D6764633D22687474703A2F2F7777772E6F6D672E6F72672F737065632F44442F32303130303532342F44432220786D6C6E733A6F6D6764693D22687474703A2F2F7777772E6F6D672E6F72672F737065632F44442F32303130303532342F44492220786D6C6E733A746E733D22687474703A2F2F62706D6E2E696F2F62706D6E2220786D6C6E733A7873643D22687474703A2F2F7777772E77332E6F72672F323030312F584D4C536368656D612220786D6C6E733A7873693D22687474703A2F2F7777772E77332E6F72672F323030312F584D4C536368656D612D696E7374616E6365222065787072657373696F6E4C616E67756167653D22687474703A2F2F7777772E77332E6F72672F313939392F5850617468222069643D227369642D33383432326661652D653033652D343361332D626566342D62643333623332303431623222206E616D653D2222207461726765744E616D6573706163653D22687474703A2F2F62706D6E2E696F2F62706D6E2220747970654C616E67756167653D22687474703A2F2F7777772E77332E6F72672F323030312F584D4C536368656D61223E0A20203C70726F636573732069643D2262706D6E4A7322206973436C6F7365643D2266616C73652220697345786563757461626C653D2274727565222070726F63657373547970653D224E6F6E65223E0A202020203C656E644576656E742069643D224576656E745F31783667336D6C22206E616D653D22456E644576656E74222F3E0A202020203C73657175656E6365466C6F772069643D22466C6F775F3133666B6E76722220736F757263655265663D2241637469766974795F316D357763357322207461726765745265663D2241637469766974795F30373134347665222F3E0A202020203C73657175656E6365466C6F772069643D22466C6F775F31736C66337A782220736F757263655265663D2241637469766974795F3037313434766522207461726765745265663D2241637469766974795F30636363707632222F3E0A202020203C73657175656E6365466C6F772069643D22466C6F775F313877347533742220736F757263655265663D2241637469766974795F3063636370763222207461726765745265663D224576656E745F31783667336D6C222F3E0A202020203C73746172744576656E742069643D224576656E745F30377A3332697722206E616D653D2253747261744576656E74222F3E0A202020203C73657175656E6365466C6F772069643D22466C6F775F303331677169612220736F757263655265663D224576656E745F30377A3332697722207461726765745265663D2241637469766974795F306C7433786533222F3E0A202020203C73657175656E6365466C6F772069643D22466C6F775F307530776E37722220736F757263655265663D2241637469766974795F306C743378653322207461726765745265663D2241637469766974795F316D3577633573222F3E0A202020203C757365725461736B2061637469766974693A61737369676E65653D227A68616E6773616E222061637469766974693A6578636C75736976653D2274727565222069643D2241637469766974795F306C743378653322206E616D653D22E5889BE5BBBAE587BAE5B7AEE794B3E8AFB7222F3E0A202020203C757365725461736B2061637469766974693A61737369676E65653D226A65727279222061637469766974693A6578636C75736976653D2274727565222069643D2241637469766974795F316D357763357322206E616D653D22E7BB8FE79086E5AEA1E689B9222F3E0A202020203C757365725461736B2061637469766974693A61737369676E65653D226A61636B222061637469766974693A6578636C75736976653D2274727565222069643D2241637469766974795F3037313434766522206E616D653D22E680BBE7BB8FE79086E5AEA1E689B9222F3E0A202020203C757365725461736B2061637469766974693A61737369676E65653D22726F7365222061637469766974693A6578636C75736976653D2274727565222069643D2241637469766974795F3063636370763222206E616D653D22E8B4A2E58AA1E5AEA1E689B9222F3E0A20203C2F70726F636573733E0A20203C62706D6E64693A42504D4E4469616772616D20646F63756D656E746174696F6E3D226261636B67726F756E643D234646464646463B636F756E743D313B686F72697A6F6E74616C636F756E743D313B6F7269656E746174696F6E3D303B77696474683D3834322E343B6865696768743D313139352E323B696D61676561626C6557696474683D3833322E343B696D61676561626C654865696768743D313138352E323B696D61676561626C65583D352E303B696D61676561626C65593D352E30222069643D224469616772616D2D5F3122206E616D653D224E6577204469616772616D223E0A202020203C62706D6E64693A42504D4E506C616E652062706D6E456C656D656E743D2262706D6E4A73223E0A2020202020203C62706D6E64693A42504D4E53686170652062706D6E456C656D656E743D224576656E745F31783667336D6C222069643D2253686170652D4576656E745F31783667336D6C223E0A20202020202020203C6F6D6764633A426F756E6473206865696768743D2233322E30222077696474683D2233322E302220783D223139322E302220793D223637322E30222F3E0A20202020202020203C62706D6E64693A42504D4E4C6162656C3E0A202020202020202020203C6F6D6764633A426F756E6473206865696768743D2233322E30222077696474683D2233322E302220783D22302E302220793D22302E30222F3E0A20202020202020203C2F62706D6E64693A42504D4E4C6162656C3E0A2020202020203C2F62706D6E64693A42504D4E53686170653E0A2020202020203C62706D6E64693A42504D4E53686170652062706D6E456C656D656E743D224576656E745F30377A33326977222069643D2253686170652D4576656E745F30377A33326977223E0A20202020202020203C6F6D6764633A426F756E6473206865696768743D2233322E30222077696474683D2233322E302220783D223139322E302220793D2238322E30222F3E0A20202020202020203C62706D6E64693A42504D4E4C6162656C3E0A202020202020202020203C6F6D6764633A426F756E6473206865696768743D2233322E30222077696474683D2233322E302220783D22302E302220793D22302E30222F3E0A20202020202020203C2F62706D6E64693A42504D4E4C6162656C3E0A2020202020203C2F62706D6E64693A42504D4E53686170653E0A2020202020203C62706D6E64693A42504D4E53686170652062706D6E456C656D656E743D2241637469766974795F306C7433786533222069643D2253686170652D41637469766974795F306C7433786533223E0A20202020202020203C6F6D6764633A426F756E6473206865696768743D2238302E30222077696474683D223130302E302220783D223136302E302220793D223137302E30222F3E0A20202020202020203C62706D6E64693A42504D4E4C6162656C3E0A202020202020202020203C6F6D6764633A426F756E6473206865696768743D2238302E30222077696474683D223130302E302220783D22302E302220793D22302E30222F3E0A20202020202020203C2F62706D6E64693A42504D4E4C6162656C3E0A2020202020203C2F62706D6E64693A42504D4E53686170653E0A2020202020203C62706D6E64693A42504D4E53686170652062706D6E456C656D656E743D2241637469766974795F316D3577633573222069643D2253686170652D41637469766974795F316D3577633573223E0A20202020202020203C6F6D6764633A426F756E6473206865696768743D2238302E30222077696474683D223130302E302220783D223136302E302220793D223238302E30222F3E0A20202020202020203C62706D6E64693A42504D4E4C6162656C3E0A202020202020202020203C6F6D6764633A426F756E6473206865696768743D2238302E30222077696474683D223130302E302220783D22302E302220793D22302E30222F3E0A20202020202020203C2F62706D6E64693A42504D4E4C6162656C3E0A2020202020203C2F62706D6E64693A42504D4E53686170653E0A2020202020203C62706D6E64693A42504D4E53686170652062706D6E456C656D656E743D2241637469766974795F30373134347665222069643D2253686170652D41637469766974795F30373134347665223E0A20202020202020203C6F6D6764633A426F756E6473206865696768743D2238302E30222077696474683D223130302E302220783D223136302E302220793D223430302E30222F3E0A20202020202020203C62706D6E64693A42504D4E4C6162656C3E0A202020202020202020203C6F6D6764633A426F756E6473206865696768743D2238302E30222077696474683D223130302E302220783D22302E302220793D22302E30222F3E0A20202020202020203C2F62706D6E64693A42504D4E4C6162656C3E0A2020202020203C2F62706D6E64693A42504D4E53686170653E0A2020202020203C62706D6E64693A42504D4E53686170652062706D6E456C656D656E743D2241637469766974795F30636363707632222069643D2253686170652D41637469766974795F30636363707632223E0A20202020202020203C6F6D6764633A426F756E6473206865696768743D2238302E30222077696474683D223130302E302220783D223136302E302220793D223533302E30222F3E0A20202020202020203C62706D6E64693A42504D4E4C6162656C3E0A202020202020202020203C6F6D6764633A426F756E6473206865696768743D2238302E30222077696474683D223130302E302220783D22302E302220793D22302E30222F3E0A20202020202020203C2F62706D6E64693A42504D4E4C6162656C3E0A2020202020203C2F62706D6E64693A42504D4E53686170653E0A2020202020203C62706D6E64693A42504D4E456467652062706D6E456C656D656E743D22466C6F775F30333167716961222069643D2242504D4E456467655F466C6F775F303331677169612220736F75726365456C656D656E743D224576656E745F30377A333269772220746172676574456C656D656E743D2241637469766974795F306C7433786533223E0A20202020202020203C6F6D6764693A776179706F696E7420783D223230382E302220793D223131342E30222F3E0A20202020202020203C6F6D6764693A776179706F696E7420783D223230382E302220793D223137302E30222F3E0A20202020202020203C62706D6E64693A42504D4E4C6162656C3E0A202020202020202020203C6F6D6764633A426F756E6473206865696768743D222D312E30222077696474683D222D312E302220783D222D312E302220793D222D312E30222F3E0A20202020202020203C2F62706D6E64693A42504D4E4C6162656C3E0A2020202020203C2F62706D6E64693A42504D4E456467653E0A2020202020203C62706D6E64693A42504D4E456467652062706D6E456C656D656E743D22466C6F775F31387734753374222069643D2242504D4E456467655F466C6F775F313877347533742220736F75726365456C656D656E743D2241637469766974795F306363637076322220746172676574456C656D656E743D224576656E745F31783667336D6C223E0A20202020202020203C6F6D6764693A776179706F696E7420783D223230382E302220793D223631302E30222F3E0A20202020202020203C6F6D6764693A776179706F696E7420783D223230382E302220793D223637322E30222F3E0A20202020202020203C62706D6E64693A42504D4E4C6162656C3E0A202020202020202020203C6F6D6764633A426F756E6473206865696768743D222D312E30222077696474683D222D312E302220783D222D312E302220793D222D312E30222F3E0A20202020202020203C2F62706D6E64693A42504D4E4C6162656C3E0A2020202020203C2F62706D6E64693A42504D4E456467653E0A2020202020203C62706D6E64693A42504D4E456467652062706D6E456C656D656E743D22466C6F775F31736C66337A78222069643D2242504D4E456467655F466C6F775F31736C66337A782220736F75726365456C656D656E743D2241637469766974795F303731343476652220746172676574456C656D656E743D2241637469766974795F30636363707632223E0A20202020202020203C6F6D6764693A776179706F696E7420783D223231302E302220793D223438302E30222F3E0A20202020202020203C6F6D6764693A776179706F696E7420783D223231302E302220793D223533302E30222F3E0A20202020202020203C62706D6E64693A42504D4E4C6162656C3E0A202020202020202020203C6F6D6764633A426F756E6473206865696768743D222D312E30222077696474683D222D312E302220783D222D312E302220793D222D312E30222F3E0A20202020202020203C2F62706D6E64693A42504D4E4C6162656C3E0A2020202020203C2F62706D6E64693A42504D4E456467653E0A2020202020203C62706D6E64693A42504D4E456467652062706D6E456C656D656E743D22466C6F775F307530776E3772222069643D2242504D4E456467655F466C6F775F307530776E37722220736F75726365456C656D656E743D2241637469766974795F306C74337865332220746172676574456C656D656E743D2241637469766974795F316D3577633573223E0A20202020202020203C6F6D6764693A776179706F696E7420783D223231302E302220793D223235302E30222F3E0A20202020202020203C6F6D6764693A776179706F696E7420783D223231302E302220793D223238302E30222F3E0A20202020202020203C62706D6E64693A42504D4E4C6162656C3E0A202020202020202020203C6F6D6764633A426F756E6473206865696768743D222D312E30222077696474683D222D312E302220783D222D312E302220793D222D312E30222F3E0A20202020202020203C2F62706D6E64693A42504D4E4C6162656C3E0A2020202020203C2F62706D6E64693A42504D4E456467653E0A2020202020203C62706D6E64693A42504D4E456467652062706D6E456C656D656E743D22466C6F775F3133666B6E7672222069643D2242504D4E456467655F466C6F775F3133666B6E76722220736F75726365456C656D656E743D2241637469766974795F316D35776335732220746172676574456C656D656E743D2241637469766974795F30373134347665223E0A20202020202020203C6F6D6764693A776179706F696E7420783D223231302E302220793D223336302E30222F3E0A20202020202020203C6F6D6764693A776179706F696E7420783D223231302E302220793D223430302E30222F3E0A20202020202020203C62706D6E64693A42504D4E4C6162656C3E0A202020202020202020203C6F6D6764633A426F756E6473206865696768743D222D312E30222077696474683D222D312E302220783D222D312E302220793D222D312E30222F3E0A20202020202020203C2F62706D6E64693A42504D4E4C6162656C3E0A2020202020203C2F62706D6E64693A42504D4E456467653E0A202020203C2F62706D6E64693A42504D4E506C616E653E0A20203C2F62706D6E64693A42504D4E4469616772616D3E0A3C2F646566696E6974696F6E733E0A, 0);
INSERT INTO `ACT_GE_BYTEARRAY` VALUES ('2', 1, 'bpmn/evection.png', '1', 0x89504E470D0A1A0A0000000D49484452000000A8000001F608020000006BDA50D0000023024944415478DAED9D79505547DAC6FDFF9B9AA94C6AA6F26999944B0563A9C13226614ADC624A14155C23E2022A222811DC1563C41D5905F4B228022217AF882B2A6E28A282A87011134DD4C94A2664F9667166286686F91E68D3B4E79C7B01C5EDDEE7ADAE5BEFE9D3A74F9FFEF5BBF4B97AE9F05F8A534A074E01C153089E42F01482A7103C85E029044F21780AC153089E42F01482A7103C85E029044F21780AC153089EF254C19FA33C537996E0FFEFE77B2CCFA4103CC1133CC1133CC1133CC1133CC1133CC1133CC1133CC1133CC1B70DFC8DAF8B6A7FBC45304E07BEF4DEE1B23F1EFDBCA6F4E79FEE108F738117E5DA1727BEFEBEAAF54F52F3EDCDFDFB33B7256DD9B9636B95F5C2AE5D49EAD994E4D8273483767A8E8BDBA02F4F876B8BCFFBFC8217A5F59E7F9F25FDF2A5C21F6A3FFFD3779F1E3D62D64CF1939B71FB3D3FB561B469542F00F8D67BFEA4C42DB5DF7F267428A9297142870368D1EC4A2F1762ADC04A500A8EE67EFDD50DBDE142B95A7E363D3D11373A5774B8953DDB01AFB944DF03FC56F6EEE4C4C448DCB4B2E2BC7E48784C38B9AD5B37A1582B8B5BFFBC2F06F8567AFEBCBC8C5327F77FF375F52358C0575F3EE819DEE2CC9983983BFDE5070F64E7E767DDF9FCDA4F3FDEA9BE71B1AD166FD82C674FEAEDDB57847EFB569939274D9EBA7EEDDCA1837BB00471BB3FDEABD89BBBF366F5254DCFC78F597015742C0BB077348B6F2578387918E2CE9D09B0DA53A7F281F0D17CECCF3FDD3534DC1B55258FE6EAED981D5C083C8DD08F1CCEC1A13C851CE5DB6F9A17F1975F58B14A343D575C3FF7C831C5715CBD2C407EF6CCA13DD929AD9C88EF6A3E81AB803B8553356D8F866DB5E8B11F21C61B36C3624548FAFE4FB751A0FCF8C3E7F25442C2668DBBC6F05A9F3DBCF0E05B9FDC89199431DEFE34A9538C2572EBD352590F3B7B1CF06ACFFAB37AB771E2F83E64182850D4FAAC4CD3177FAC7CE4B4D1FEA81C6A3B27621ECC170F79ED6A11927CF5AC4C7FB0EBBB74F104A655DDF9E014AE82ABF8F41310C86B13783B3DB7C610EFDEB9864B50EEDDBDAE5922F0ED9FDD2E875740416E810CA3F53DDB1F9543BDC081AFFEE4E625C47864DD79FB76E181D5B322FDC1ECA4A5C603AD7A16E68E79816BC50A3856B017A73421D97E866CA7E756EEE377679950F4F54821518FCE934D314805D4BCB5C51D819D51F1952DDFDCF14B1A82277882277882277882277882277882277882277882E77F93E67F937644C9CBCB73DA67776AF03E3E3E044FF0044FF0044FF0044FF0044FF0044FF0044FF0044FF0044FF0044FF0044FF0044FF0044FF0044FF0044FF0044FF0044FF0044FF0044FF0044FF0044FF0044FF0044FF0044FF0044FF0044FF0044FF0044FF0044FF0044FF0044FF0044FF0044FF0044FF0044FF0044FF0044FF0044FF0044FF0044FF06D148BC5525353A3078F4A9C22788795E2E2E269D3A6E5E6E6D6D5D509F05070884A9C22788795FAFAFAC0C040F00E0909292B2B130A3E51895304EFC862369B7D74824AC6780797DADA5A5F5F5F953A0E5149F08E2F5151512A781C32AB6F59DAF1B7F29F9558AD56157C7676F60B0AEF71583823F886860691E289B4AEA8A888E09D023C242121418087F2E23E05C1B7590A0B0BA7370914827722F018794493BCE84FF1F4C03B8CDC6B12A77DFCF6007FF5E5FF967660797A0513FE5C802FEDF0E9CD3C96A7561AD9133CC1133CC1133CC1133CC1133CC1133CC1133CC13F47E067CFF24ADCBAD8F0D4AEF48F8F1524D8BFDC67B247C1D1ADADB9D1EA8F02A2B62C68B1D986F5C1E69C8D6ACDD22533D646CC6DF1C298E8D0D0053E761AECCFDBA2AF5CF371606C4C98D3812FBB9CF1D24BBF9A1330F6407EB4FEECE24553312FF67BE8EBEA72B57C776BEEB530CC377273488BCDAE5FCDEED3A7FBC9C26DE2B0BC2C6B94A77B596926F4920B3BED5CB82572C1B2A57E761A60D90504786B2A972C9EBE79D38351592B725E0CF02145952D16FBB38C990A9A3BDE5A699E173C71F428F78B253B3567E3E316093D7DC76AE82833A67B66654660A188C36E5D3BC9FACC8C35EAE5974AD2972FF3BB5A9EA5EF0D65FCF8A1E78B52E421263D217EB1E80A0B2E3A6A81EC163E00CABAB541BFFEF5FFC4C52E9497C031AC5C31533443F1F71BEDED3D581E4E98F09E24FA600D5DC97AF5D557A09C3896289BE1127FFFD15060F76FBEF9FAA60DF31C1FFCE58BBB7AF7EA069312878B164EC52C40C122C8D9B341830A86D86873C53B060C7085898353759505356FBDF58668307DAAA765EFE6EAAABDAA3BE9D1A30B569521F82E5D3A8A1E543052AFB2E676EEFC8AFD559BB16B0D6E2A0FD1B96AF1780AD3B6659A4BB0169B1699196B54031E0B2564FE24A7B078BF19A35253C2E5213020A84399E2E371F4709C1E15CAE4C9C361EBD2DC558B1F34B09FA7E7005C2B716249C965A1EFAD7BF7CE76C606573F64F05B6A4DE5F53D9A36703CF6C1EF485B65ABFF8A6B7B2E362D02CDA834DEFED98037F80EB8FDC0635202667B4B5789CC6BC182C9E294AFEF4843F07B76AF5FF0E164313B92AE6AF1479AAE6AB6E0368247A091EB0937027879083FFFDA6BFFABE91FE3692578C4149C8D8CFC70D87B6F975ECA8027D0BB7A144C0896AFCA5E827FD6FF10A39DC09F3F970A5BCF356FC4EC881AC454E9E8309B7AF085C7931002317788B8688958A0B7F8FCFD51EA5DE018E459CD14A3BCFCF26FF403930901B2B0AC8C08CDD933A74DEA21623C6EDA1CE3FD1F8AF11EC3DD24782C53B03F7B3AF90F6E7D4492A8CFE3EC67F50E025E14153C70CA2D93EF94117AF088EB680F25363A0CC9175CE5CD1B0FC5782C856BE5D99AFC5C5D0A1A8B874DDFB03627043279444106D7A9D3EFF1296B50366D9C8F0D881A8673B2D7B7C9D5179D491E3AB4BFD04F9F32AD58EEAFF68FC087D8E174E091D9C98479D2C461F94D5B5E1515308BA00860C88C34160F2A48FAC4A64B16EC12D5FD9B06BCC9B4420617B1B064F8C05E2031618966B4EA2A7910E3B3D6DA079F9A1C6E0BFCA9C26D229355DB67EF5EE744E00F1F8CC10EBB6BD78E88A079FB22518FE717A9BE0615C2013E1126911BEB2DBEC9A33EC4061B45D5E634BD814A50D004FDA8B0D7C23E5EB54511E37BF7EE7EEE6C8ADA12EBCFBEABDF9EB4CC103CFC3CEEF276FF9EEA2DD05EB8B4670FFE4967F5D2E213B72EDE1ADF8864FDBA605BFBF846271F1376303F1AF3B5CF12A9CFEAE130006CAF79932D67ABE90DA7A4BF51F341ECEF917F61C72546A8DAB4A6203ACC9AE965CBE2E136C4A654031E9B46A4B470F56D02EF50DB39409A3DCB4BAD19E1E186CDB72D54D85BBFFB6E6FB807ECAC84B9A3F4EBDB4363E88F0C1ED403E78C535FCFD9070F8418922DF0FA02F07D5D5DBCC60CC2C2429EA877F5CE021E1EBB87CB6BF096B0031428BD7A7513EF4AE1D563A243070FEA976C5AA186E1DEBDBACD98EEA94E373C30DCBE61FFB02138735B593D4EA92F506182D8526ABAD28047CE2F179CBEB4081E8EAA43870E4809C50641031EE37116F0760A3C6D58E8142FAF41F2B589B5D23C6EEC102C888F56CD864BC72E006112E9185686B478E45F17CEA7C957F7C70B123479BEE6BD1B5CAED0D14CA417C8AB55F78B31A8511CCED9DF6FB42DF68844686FE7A170E1B6A4A5FAE42E2D75D54CFF315DBA74D46C47F9B56CE35B336C7E0E1D881187C5E7D2605BEF0D7D1B29E1EBAFBFEAE2F22A66EDB7BFFD0DEC09FEC00EEC160B9CF0E58BBB1EED5AF1BEBD958DB16A5785CF52D3056CE734AF90099EDFC7133CC1133CC1133CC1133CC1133CC1133CC1F3BF49F3BF493B95E4E5E539EDB3F3D7AB09FE91BF8F7F01450C1EE0F91B38044FF0044FF0044FF004EFDCE099D5733B47F0044FF0044FF0044FF0044FF0044FF0044FF0044FF0044FF0044FF0044FF0044FF0044FF0044FF0044FF0044FF0044FF0044FF0044FF0044FF0044FF0044FF0044FF0044FF0044FF0044FF0044FF0044FF0044FF0044FF0044FF0044FF0044FF0044FF08F27168BA5A6A6460F1E953845F00E2BC5C5C5D3A64DCBCDCDADABAB13E0A1E010953845F00E2BF5F5F5818181E01D121252565626147CA212A708DE91C56C36FBE804958CF10E2EB5B5B5BEBEBE2A751CA292E01D5FA2A2A254F0386456EF1462B55A55F0382478A790868686D0D050411D0A0E09DE59A4A0A0408087E29C33E0A4E0EFDFBFEFD7245008DEB924A5499CF6F19D17FCBD2621F8A727E7283A7116F0FCA3816A21788227788227788227788227788227788227F8E7AB5457ED95FA0DEB5E826F67F099196B66FA8FA9B2E65E2CD9191FB74896E5CBFC66CDF46AC71B9514EF983DCBABE2DA1EFBCD02E78CCBC95E0FE55841829B5B9FF2B22CE849894BC77A0FC12009BEDDCA0793DE5FB73648E8674E9BAC956628D68A9C3E7DBAEF4AFFD8BE39CE98EEA9AE1594E1C3DF2D3E97269BA11FF5AAA0B9E381D0FE784679BA1FC88F8672AA70DBD0A1FD4565B269C5BCE089B4F8E6C70E29AA6CB1D899E5D327B70F1ED4AFBACA026312B6254A58E894F095B31E266D316D5B26E8C64487F6EAD5EDD0811858A4382B09A137F5AAF9F326AACB62E992191BD607AB35233CDCB0DAD44BC68C1E78F470DCCD1B96A233C9B2DB1D69AB08BE3DC1C3C99F3ED538EF60E0EEEE2A0C14B30CAE574A33F5BEFA6A79D6F4A99E00236A708906BC541A57D529D3E851EE6A0FB1D1610547B7CA4358B6BFFF68E121AE95676F8D6F5C0A6FF7EFB964F1747C66654688DEB00824F8DD59EB264D1CA6867C826F337893690526144AE5F53DFDFAF6102B202B6B2DA2E9C592F48561BE7303C79D2F4AD15CA582EFEBEA220CB777AF6E4279E79DDEB2253A4F4D0E57AF9DE2E381FEE561FEFE28F52C56153EBDBD078BFE61F1E8166168E0C0BE71B10B011E83C1385353C2B11408FE11C15FBEB8AB63C7DF8D1F37F4A355B36158984D38F34D1BE7AF5C3153A6D3E93B5777EAF4FBBDE64D7AF0A28D74EC8616FF6084F32749C73E6860BF15CBFD858EFBC2DFE80726C0036DE1F124D5D56339CE09187BE17C1A5DFDE35A7C7EDE16CCEF3E4B24223A26744BE402847C4D1BE47791911F3E58073B560B7870C522C60F18A075F54306BFA5E90149A2A1B7C8356F0C0A9A60083E3868026E8A962A78DF292318E3DB2DC6236C872EF0513DA79DCDF4A592F4B2CB192ABC1E2EAF695C3D9CBFA607B546035ECDD79052C4C6848D1C39007EC892BB59B87A26774F043CEC3B20C07B7FDE16C10C462FF3765160795E5E83342F4F547853A78ED4587CC49A40CD5DE4E2D0B87AB89960C5E24B2F6520EE60486A8C27F827021E53DFB56BC7D51F059C3B9BA2E6ED766659035E164948F5102D5A3CB6F5B662BC067C5A6AF390342921C1B7193C366F86EFD15A04BF3D6919623042BED88049578FDC10CAD9D3C96AFB6E5D3BD9B278F89B16C15B2BCCB8D7DA88B97248EBD70513FCE3C67861A3870FC56EDE149299B1C60E7834437A0F5AD85C810478344EFAD9146C050D937959D4AE101A8E1E89173AE8A69856DA017FBC20016102FE1F31088B4CAE12A4F7AA5F21F8B68107B08F57CF19E5E9DEBF7F4F787BECEE6C59BC9865447A8FE16E49894BF5CE5C035EF39A562D007F4417266481FFC07EA173E75784CF804BEFDEBD33A28F78970CDD6BCC20647F580D323611FCA3583C6C0BD91CB6EFE2259A74C8D86581B1FCAA067BB6ABE5BB6DBDBED564F568DFB367D7920B3B0DEFE833D9E360D37B785B05E01786F9CAC332DDDB432677ED5C80161ED5CEBECEF0F56D5BEF12327F92783FC8EFE3F97D3CC1133CC1133CC1133CC1133CC1B3103CC13B0D788A33FE37E9E747F2F2F29CF6D9F9EBD5044FF0044FF0044FF0044FF0044FF0044FF0044FF0044FF0044FF0044FF0044FF0044FF0044FF0044FF0044FF0044FF0044FF0044FF0044FF0044FF0044FF0044FF0044FF0044FF0044FF0044FF0044FF0044FF0044FF0044FF0044FF0044FF0044FF0044FF0044FF0044FF0044FF0044FF0044FF0044FF06D128BC5525353A3078F4A9C22788795E2E2E269D3A6E5E6E6D6D5D509F05070884A9C22788795FAFAFAC0C040F00E0909292B2B130A3E51895304EFC862369B7D74824AC6780797DADA5A5F5F5F953A0E5149F08E2F5151512A781C32AB770AB15AAD2A781C12BC53484343436868A8A00E058704EF2C52505020C04371CE197052F0F7EFDFF76B122804EF5C92D2244EFBF8CE0BFE5E93107CFB0BFFA8D8F3FC67C99E2C78FE31C1E7F60F11123CC1133CC1133CC1133CC1133CC1133CC1137C9B4B75D55EA9DFB0EE25F8964BC5B53DA6EDCBE5E1E58BBB468E1C70B124DDB07166C69A99FE63AAACB9174B76C6C72D9265F932BF5933BDDA715425C53B66CFF2C2D8EC370B9C332E277B3D946305096E6E7DCACBB2A027252E1DEB3D048324F816CABCE0898B164E15FADA88B92B57CCB4D5F28349EFAF5B1B24F433A74DD64A33146B454E9F3EDD77A57F6CDF1C674CF754D70ACAF0E1EF169F4B93CDD08F7A55D0DCF140687FE4A33CDD0FE447433955B86DE8D0FEA232D9B4024FE4C8161F5254D962690DF89385DBDCDD5DC5D4FBCD18555D65316C76FAE4F6C183FAE12C8C49D8962861A153C257CE7A98B4C5B46D99A01B131DDAAB57B74307626091E2AC2484DED4ABE6CF9BA82E8BA54B666C581FACD68CF070C36A532F19337AE0D1C371376F588ACE24CB6E77A4AD22F816C05BF66E5E153E0B73BA69E37C7CCE0D1C17B126108ABFDFE8C8C80F358DE1E44F9F6A9C7734C04211068A5906D72BA5997A5F7DB53C6BFA544F801135626DA9E0A5D2B8AA4E99468F72577B888D0E2B38BA551EC2B2FDFD470B0F71AD3C7B6B7CE35278BB7FCF258BA7E3332B3342F4864520C1EFCE5A3769E23035E413FC8382F9021B43E70F87A9D6984C2B30A1502AAFEFE9D7B787580159596B114D91102C0CF3C5A2395F94A2E94705DFD7D545186EEF5EDD84F2CE3BBD654B749E9A1CAE5E3BC5C703FDCBC3FCFD51EA59AC2A7C7A7B0F16FDC3E2D12DC2D0C0817DE3621762FC180CC6999A128EA540F0DA92B367832DF002B3CCF83A76FCDDF871433F5A351B8685D984338793403620D3E9F49DAB3B75FAFD5EF3263D78D1463A76438B7FF044F32749C73E6860BF15CBFD858EFBC2DFE8C729C0036DE1F124D5D56339CE09187BE17C1A5DBD71D9B37BBD2DF0A0ABD6E4E76DC1FCEEB34422A26342B7442E40C8D75C85FC4E0688F41DAB053CB86211E3070CD0BAFA2183DFD2F48024D1D05BE49A3706054D30041F1C340137454B15BCEF94118CF1765D7D4604D868926D148FE16EC8CEF4613B74818FEA39ED6CA62F95A4975DCE50E1F570794DE3EAE1FC353DA8351AF06ABE86942236260CDB4EF8214BEE66E1EA99DCB5017CDEBE48008072E258226C54D6C3DC45145753FA8000EFFD795B043318BDCCDB4581E579790DD2BC3C51E14D9D3A5263F1482435E3918B43E3EAE16682158B2FBD9481B88321A9319EE05B0B1E1659716D0F0063138CC380D9DEBEBE0FD820333AD8B43F56F76C5DBB765CFD51C0B9B3296ADE6E679635E0659184540FD1A2C5635B6F2BC66BC0A7A5360F499312127C6341F4C5BE287BF73AD81692355084C10918A08B5DF5071F0CBF5ABE5BBE5D317C8FD622F8ED49CB1083E14EC4064CBA7AE48650CE9E4E56DB77EBDAC996C5C3DFB408DE5A61C6BDD646CC95435ABF2E98E01F2A470EC775EFDE198A3967A3CCEFE003842126C42FC6A79B5B1FA4D39A287EF850ECE64D2199196BEC804733A4F7A085CD15488087584CD80A1A26F36A5229758486A347E2850EBA29A69576C01F2F48C0AA85FF470CC22293AB04E9BDEA57083E6F84871BFCB6F0A293260E534F151C8D172934E6F4F0C118B177FF78F59C519EEEFDFBF7C455D8DDD9B27831CB88F4480F931297EA9DB906BCE635AD5A00FE882E4CC802FF018FD5B9F32BC267C0A5631D23FA8877C9D0BDC60C42F687D5206313C13F548ACFA575EBD6199B6CF01005B17CDCD8211A66B02D6473E26DEE81FC68E990B144C0587E55833D9B8C0EFAD7B79AAC1EED7BF6EC5A7261A7E1C07C267B68F20C7DA85A18E6DB9CB2E8DE1EF24B9A762E400B8F6A675F67F8FAB6AD7709993F49B3B3E0F7F12C04CF42F02C04CF42F02C04CF42F004FFA281A738E37F937EFE252F2FCF699F9DBF5E4DF0044FF0044FF0044FF0044FF0044FF0044FF0044FF0044FF0044FF0044FF0044FF0044FF0044FF0044FF0044FF0044FF0044FF0044FF0044FF0044FF0044FF0044FF0044FF0044FF0044FF0044FF0044FF0044FF0044FF0044FF0044FF0044FF0044FF0044FF0044FF0044FF0044FF0044FF0044FF004DF26B1582C3535357AF0A8C429827758292E2E9E366D5A6E6E6E5D5D9D000F0587A8C429827758A9AFAF0F0C0C04EF909090B2B232A1E013953845F08E2C66B3D94727A8648C7770A9ADADF5F5F555A9E3109504EFF8121515A582C721B37AA710ABD5AA82C721C13B853434348486860AEA507048F0CE22050505023C14E79C0127057FFFFE7DBF268142F0CE25294DE2B48FEFBCE0EF3509C13F3DE11F157B9A7F66ECF902CF3F26F8D4FEB020C1133CC1133CC1133CC1133CC1133CC1133CC1B7B95457ED95FA0DEB5E827F4AE04F9E481AEB3DC45A69363C3B37705C4C74689B3A2C29DE317B9657C5B53DF69B05CE199793BD1ECAB1820437B73EE56559D0931297623055D65C826F8792B72F7255F8ACF8B8452871B10BDF1BFA76E9A50C79F6F429D3D0A1FD0D2F44B3975EFAD5EA8F02C4B528B3667AAD8D98AB6F69ADC8510F83E68E0742FBA31AE5E97E203F1ACAA9C26D7200C9A615F38227D2E29B1F3BA4A8B2C5626B8A7767AD9B3ED5F35A7976C1D1781896BBBBAB7AF6ECE96431EF376F583417821F2C5ED6A30717975773F66CD0DF62FEBC897271A02C5D3263C3FA60B5668487DB99D326F59231A3071E3D1C87CE8BCE244BF03BD256117CBB81874705F80BE7D37AF4E8023F8C59C68C4B24116B027BF7EAB669E3FC01035CCB4A33E55530C780D9DEA0F5D1AAD90FD641D08415CBFDF5FDC3678C1EE5AED6C44687151CDDAA76E5EF3FBAF85C9A583D5BE31BEFFB76FF9E4B164FC7675666845C79123C16EBA489C3D4904FF06D066FCED908F0174BD2DF7FFF5D58FC90216F21009F3F975A5DD568CAB045BDAB2FBF921510E06DAD680CFCA9C9E1E12B676DDA300F24D4444C16D0421BB5668A8F4756D65A7998BF3F4A3D7BB5BC319C7B7B0FC6FA83028BC7CA5BB73668E0C0BE8844007FBE28A55FDF1EA929E1AA1322F83683CF353F003F72C41F1AC10F7E4B9E2A3C9ED4A54B470D78D08DDAB2A0F2FA83EC0CB33F72E4806E5D3B6135D889D921F327492F3268603FF806A1C361CCF41FA36F2FC0A3738C4175F548EEE6048C857FA2AB6F1F8B87A7FD60D2FB000FC352671F8ED756728702578FAB12B72E06927EFDDE4066577261A761CB3E7DBA4B1DB713D62C961D628421F8E0A00991911FA2A50ADE77CA08C6F8F6047F303F1A130DF07F70EB23EA3333D6208AABB9D543BBB20B3B57AE988902E33B74200635574A33172F9AFACA2B2F63052066C394CB2E37EF0EFABABAD802AFE66BE82436260C2EA463C7DF5972370B57CFE4EE092677B0EC2D910B001EF994D86D23AF4614D78047E047DE8E9609F18B918889DCAD7BF7CED7AF66CB9D9B69FBF2A95347A25EBD4B0F97D70C5D7D58E89460C5E2B1451C3F6EE8E993DBD5184FF04F043CD266809F3C7938A229C0239342FC0E9C334EE4F01AF0C8FB2E95A44349DFB15A905BB06032A283848A04FEE48924FD5DEC583CB685B662BC660069A9CDE0352921C1B719FC896389D81D01D8E143B1D0E1F323378788D45A0F5E16E0179E1CE9BD9AB42319347CB18AECCF96C5A38716C1C3F720DE238790E0D7AF0B26F8C7028FB230CCF7784182D88B63E3AE6E936C819721D9D5D545ECEBC436EFCD375F376CA9BA680482A347E2850EBA29A69576C063600813F0FF4826E066E42A417AAFEE1E09FE51923BEC89850E27FFC61B5D4E166E83BE3F6F0B12342C058FE16E86175A2BCDC8C2D457757BCD9B264C78AFC597C4007FE41757AF2FC836962C9EDEB9F32B674F270B978E1C023987D84440F71A3308F7C56A38773685E01F113C9273F879B50629BA7CB58E997DE79DDE9A06A2C010E7068E138116991DD2BDC48425A33CDD376F0A6911BCCF648F834DEFE16D158087139287EA1B437E3BF7CCBE968521C228E175D588006FEFEF371A699AE15767FA97399A9C9FDFC7F3FB7882277882277882277882276F82672178827774F01467FC6FD2CF8FE4E5E539EDB3F3D7AB099EE0099EE0099EE0099EE0099EE0099EE0099EE0099EE0099EE0099EE0099EE0099EE0099EE0099EE0099EE0099EE0099EE0099EE0099EE0099EE0099EE0099EE0099EE0099EE0099EE0099EE0099EE0099EE0099EE0099EE0099EE0099EE0099EE0099EE0099EE0099EE0099EE0099EE0099EE0099EE0DB24168BA5A6A6460F1E953845F00E2BC5C5C5D3A64DCBCDCDADABAB13E0A1E010953845F00E2BF5F5F5818181E01D121252565626147CA212A708DE91C56C36FBE804958CF10E2EB5B5B5BEBEBE2A751CA292E01D5FA2A2A254F0386456EF1462B55A55F0382478A790868686D0D050411D0A0E09DE59A4A0A0408087E29C33E0A4E0EFDFBFEFD7245008DEB924A5499CF6F19D17FCBD2621F8F617FE51B1E7F9CF923D59F0FC6382CFED1F22247882277882277882277882277882277882277882277882B709FE7AEE67B9B17762C2EF7EBC10050A0E5149CC8E0CFE7661CADD884577C317684BC4229C2269C704DF487D55A801755156853E1DF6CB5C3B405C972610FC53017FCD6C6CEB0FDB3D9AE99FFF13D3B00E46F2C8F08E2F7511D7B67BCF6D2A9F14F8B9BAFA393878047209F8CEEAB0CFF6C5DDBA664681824379AA31DE1BCE51F5CA891D86A554EFD3C37B1CF0EDDE33C16BC1376673BFD0BDBD2FEEA110B02FAE794DC484B715FC2F563B2CA560E5445761B12E134DFB1E263DECC1199C5A9AD04AF050A40F40878D9CE4F18495A271CA84E636AEAE18C3BE87BD94F1A83EA94E58E6AAF7337E0E08FEEE9A8592EEADAB39EAE3E1B0D9DBAF59681FBC9ED32F6701C06599A9099809845C2483469013561E6FBA04339E8243C599B7D47382A612C024BF073DCB1BE1BEAECD8DED8FCA592CBE3DC04B3104DF41B5F265AE2ECB0AF6191A7493996AC0DBEC591B171454C60B0586FE8B33B0332ABAFA36BB7ADB16AFB1CB5FC01B4DAEA1AB37EC59D339564CB3BB563DBF91C7B6332A26778F9EDCB5167CAB2CDE66CF6A7BC1E978B3274FB07F21C13FEE76CE70121B67ED21A76A738A5B19E30D7B568C7BD8B2091D3439231C7BE35228685E0AE8BC43EB4625BB4D79E0999A72C087EFEBEC2F706CEDB6C53429671BA7558DD992AE3EAB1797DBEF5963F4C8008EEB330093DFC4668F8FCE57EAC66C7354BA81ADE42B5B167E4943F0FC5A96E0099EE0099EE0099EE0099EE0099EE0099EE0DB005EFE97DDF3E7CF5FBF7EFD6F7FFB5BEBC1535EE0FF262D6FDFD0D0F0EDB7DF5EBD7AF5BFCF48F413F1385363FFDA273AE9CF837468D304FDE73FFF91BFF9FAAF7FFDEBC68D1B172E5CC02774D4949595FDF39FFF8402AF80ABFEF297BF40FFC73FFE817A28FFFEF7BFABABAB4B4A4AF0095D76FEC5175F88C564D8A0BEBEBEB2B21277F9EEBBEF0CC1E35E57AE5CB15AAD620CD0C518705FE8B2A5BEDE10ADAC948AE1A87EF8E187F34D8291FFF9CF7F7670F078ECAFBEFAAAA2A2421C7EF6D967DF7CF30D2ABFFEFA6BE8A8F9FCF3CFC56F43A319D6C7975F7E091D6DE4D9FBF7EF63E97CFFFDF777EFDE959DC38B0866860D6EDDBA8506B80B1443F09F7EFA29CEFEF4D34FE22EB8107714F7BD73E78E6CA9AF6F2578C3510139460517585B5B2B96B5638217029688F1F267A24A4B4B05307C5EBE7C190A66FFE6CD9B50AAAAAAEEDDBB074B850E7FF0E38F3F8AF6F217E5A0CBCEE5AF071B36B874E992B80BECD510BCB063801163809B113F588831FCFCF3CFB2A5BEDE3094EAC11B8E0A5DC101A01FDCD7295CBD2AD2E7635E600162F6C1497C8216DCA3F8141E12EDD53C51DFB961032862DEF169085E4EBD1C0F560016D3C58B17355434F5ADB478C351A11F783E1C2206FDF5AF7F752EF098474114B300D2A212F604CF0F2B870E8B97762FDAEB7F4352EDDCB081A005A5AEAECE10BC08B16029CDF1F6EDDBF0CF620CAA68EA5B09DE705432E3416893CFEE2CE0318F48B8448C47A0159588A03029C43FE8C8DA602E88F7B23D123131590819FACE0D1B2072A307DC058A2178B4C459645B32A223B28818AC69ACA96F2578C351213D4474C78210599E73818721C2BEE1EBF029E3347266B4C7A708AB22EB96BB00C445B44726FCF7BFFF5DDFB9610354A27F5895FDAC5E4DB971898CFDAA68EA5B09DE705478341C8AC41EEC1D13FC0B27C8B90C5F36D8AA774E7140F04827C53EA295F5044F21780AC153089E42F01482A7103C85E029044F2178CAF322FF0FDF4132F057DF617C0000000049454E44AE426082, 0);
INSERT INTO `ACT_GE_BYTEARRAY` VALUES ('3', 1, 'bpmn/evection.bpmn', '1', 0x3C3F786D6C2076657273696F6E3D22312E302220656E636F64696E673D225554462D3822207374616E64616C6F6E653D22796573223F3E0D0A3C646566696E6974696F6E7320786D6C6E733D22687474703A2F2F7777772E6F6D672E6F72672F737065632F42504D4E2F32303130303532342F4D4F44454C2220786D6C6E733A61637469766974693D22687474703A2F2F61637469766974692E6F72672F62706D6E2220786D6C6E733A62706D6E64693D22687474703A2F2F7777772E6F6D672E6F72672F737065632F42504D4E2F32303130303532342F44492220786D6C6E733A6F6D6764633D22687474703A2F2F7777772E6F6D672E6F72672F737065632F44442F32303130303532342F44432220786D6C6E733A6F6D6764693D22687474703A2F2F7777772E6F6D672E6F72672F737065632F44442F32303130303532342F44492220786D6C6E733A746E733D22687474703A2F2F7777772E61637469766974692E6F72672F746573742220786D6C6E733A7873643D22687474703A2F2F7777772E77332E6F72672F323030312F584D4C536368656D612220786D6C6E733A7873693D22687474703A2F2F7777772E77332E6F72672F323030312F584D4C536368656D612D696E7374616E6365222065787072657373696F6E4C616E67756167653D22687474703A2F2F7777772E77332E6F72672F313939392F5850617468222069643D226D3135373631353133333635343722206E616D653D2222207461726765744E616D6573706163653D22687474703A2F2F7777772E61637469766974692E6F72672F746573742220747970654C616E67756167653D22687474703A2F2F7777772E77332E6F72672F323030312F584D4C536368656D61223E0D0A20203C70726F636573732069643D226D794576656374696F6E22206973436C6F7365643D2266616C73652220697345786563757461626C653D227472756522206E616D653D22E587BAE5B7AEE794B3E8AFB7222070726F63657373547970653D224E6F6E65223E0D0A202020203C73746172744576656E742069643D225F3222206E616D653D2253746172744576656E74222F3E0D0A202020203C757365725461736B2061637469766974693A61737369676E65653D227A68616E6773616E222061637469766974693A6578636C75736976653D2274727565222069643D225F3322206E616D653D22E5889BE5BBBAE587BAE5B7AEE794B3E8AFB7222F3E0D0A202020203C757365725461736B2061637469766974693A61737369676E65653D226A65727279222061637469766974693A6578636C75736976653D2274727565222069643D225F3422206E616D653D22E7BB8FE79086E5AEA1E689B9222F3E0D0A202020203C757365725461736B2061637469766974693A61737369676E65653D226A61636B222061637469766974693A6578636C75736976653D2274727565222069643D225F3522206E616D653D22E680BBE7BB8FE79086E5AEA1E689B9222F3E0D0A202020203C757365725461736B2061637469766974693A61737369676E65653D22726F7365222061637469766974693A6578636C75736976653D2274727565222069643D225F3622206E616D653D22E8B4A2E58AA1E5AEA1E689B9222F3E0D0A202020203C656E644576656E742069643D225F3722206E616D653D22456E644576656E74222F3E0D0A202020203C73657175656E6365466C6F772069643D225F382220736F757263655265663D225F3222207461726765745265663D225F33222F3E0D0A202020203C73657175656E6365466C6F772069643D225F392220736F757263655265663D225F3322207461726765745265663D225F34222F3E0D0A202020203C73657175656E6365466C6F772069643D225F31302220736F757263655265663D225F3422207461726765745265663D225F35222F3E0D0A202020203C73657175656E6365466C6F772069643D225F31312220736F757263655265663D225F3522207461726765745265663D225F36222F3E0D0A202020203C73657175656E6365466C6F772069643D225F31322220736F757263655265663D225F3622207461726765745265663D225F37222F3E0D0A20203C2F70726F636573733E0D0A20203C62706D6E64693A42504D4E4469616772616D20646F63756D656E746174696F6E3D226261636B67726F756E643D234646464646463B636F756E743D313B686F72697A6F6E74616C636F756E743D313B6F7269656E746174696F6E3D303B77696474683D3834322E343B6865696768743D313139352E323B696D61676561626C6557696474683D3833322E343B696D61676561626C654865696768743D313138352E323B696D61676561626C65583D352E303B696D61676561626C65593D352E30222069643D224469616772616D2D5F3122206E616D653D224E6577204469616772616D223E0D0A202020203C62706D6E64693A42504D4E506C616E652062706D6E456C656D656E743D226D794576656374696F6E223E0D0A2020202020203C62706D6E64693A42504D4E53686170652062706D6E456C656D656E743D225F32222069643D2253686170652D5F32223E0D0A20202020202020203C6F6D6764633A426F756E6473206865696768743D2233322E30222077696474683D2233322E302220783D223234352E302220793D2231302E30222F3E0D0A20202020202020203C62706D6E64693A42504D4E4C6162656C3E0D0A202020202020202020203C6F6D6764633A426F756E6473206865696768743D2233322E30222077696474683D2233322E302220783D22302E302220793D22302E30222F3E0D0A20202020202020203C2F62706D6E64693A42504D4E4C6162656C3E0D0A2020202020203C2F62706D6E64693A42504D4E53686170653E0D0A2020202020203C62706D6E64693A42504D4E53686170652062706D6E456C656D656E743D225F33222069643D2253686170652D5F33223E0D0A20202020202020203C6F6D6764633A426F756E6473206865696768743D2235352E30222077696474683D2238352E302220783D223232302E302220793D2236352E30222F3E0D0A20202020202020203C62706D6E64693A42504D4E4C6162656C3E0D0A202020202020202020203C6F6D6764633A426F756E6473206865696768743D2235352E30222077696474683D2238352E302220783D22302E302220793D22302E30222F3E0D0A20202020202020203C2F62706D6E64693A42504D4E4C6162656C3E0D0A2020202020203C2F62706D6E64693A42504D4E53686170653E0D0A2020202020203C62706D6E64693A42504D4E53686170652062706D6E456C656D656E743D225F34222069643D2253686170652D5F34223E0D0A20202020202020203C6F6D6764633A426F756E6473206865696768743D2235352E30222077696474683D2238352E302220783D223232302E302220793D223135352E30222F3E0D0A20202020202020203C62706D6E64693A42504D4E4C6162656C3E0D0A202020202020202020203C6F6D6764633A426F756E6473206865696768743D2235352E30222077696474683D2238352E302220783D22302E302220793D22302E30222F3E0D0A20202020202020203C2F62706D6E64693A42504D4E4C6162656C3E0D0A2020202020203C2F62706D6E64693A42504D4E53686170653E0D0A2020202020203C62706D6E64693A42504D4E53686170652062706D6E456C656D656E743D225F35222069643D2253686170652D5F35223E0D0A20202020202020203C6F6D6764633A426F756E6473206865696768743D2235352E30222077696474683D2238352E302220783D223232352E302220793D223234302E30222F3E0D0A20202020202020203C62706D6E64693A42504D4E4C6162656C3E0D0A202020202020202020203C6F6D6764633A426F756E6473206865696768743D2235352E30222077696474683D2238352E302220783D22302E302220793D22302E30222F3E0D0A20202020202020203C2F62706D6E64693A42504D4E4C6162656C3E0D0A2020202020203C2F62706D6E64693A42504D4E53686170653E0D0A2020202020203C62706D6E64693A42504D4E53686170652062706D6E456C656D656E743D225F36222069643D2253686170652D5F36223E0D0A20202020202020203C6F6D6764633A426F756E6473206865696768743D2235352E30222077696474683D2238352E302220783D223232352E302220793D223332302E30222F3E0D0A20202020202020203C62706D6E64693A42504D4E4C6162656C3E0D0A202020202020202020203C6F6D6764633A426F756E6473206865696768743D2235352E30222077696474683D2238352E302220783D22302E302220793D22302E30222F3E0D0A20202020202020203C2F62706D6E64693A42504D4E4C6162656C3E0D0A2020202020203C2F62706D6E64693A42504D4E53686170653E0D0A2020202020203C62706D6E64693A42504D4E53686170652062706D6E456C656D656E743D225F37222069643D2253686170652D5F37223E0D0A20202020202020203C6F6D6764633A426F756E6473206865696768743D2233322E30222077696474683D2233322E302220783D223235302E302220793D223430302E30222F3E0D0A20202020202020203C62706D6E64693A42504D4E4C6162656C3E0D0A202020202020202020203C6F6D6764633A426F756E6473206865696768743D2233322E30222077696474683D2233322E302220783D22302E302220793D22302E30222F3E0D0A20202020202020203C2F62706D6E64693A42504D4E4C6162656C3E0D0A2020202020203C2F62706D6E64693A42504D4E53686170653E0D0A2020202020203C62706D6E64693A42504D4E456467652062706D6E456C656D656E743D225F3132222069643D2242504D4E456467655F5F31322220736F75726365456C656D656E743D225F362220746172676574456C656D656E743D225F37223E0D0A20202020202020203C6F6D6764693A776179706F696E7420783D223236362E302220793D223337352E30222F3E0D0A20202020202020203C6F6D6764693A776179706F696E7420783D223236362E302220793D223430302E30222F3E0D0A20202020202020203C62706D6E64693A42504D4E4C6162656C3E0D0A202020202020202020203C6F6D6764633A426F756E6473206865696768743D22302E30222077696474683D22302E302220783D22302E302220793D22302E30222F3E0D0A20202020202020203C2F62706D6E64693A42504D4E4C6162656C3E0D0A2020202020203C2F62706D6E64693A42504D4E456467653E0D0A2020202020203C62706D6E64693A42504D4E456467652062706D6E456C656D656E743D225F38222069643D2242504D4E456467655F5F382220736F75726365456C656D656E743D225F322220746172676574456C656D656E743D225F33223E0D0A20202020202020203C6F6D6764693A776179706F696E7420783D223236312E302220793D2234322E30222F3E0D0A20202020202020203C6F6D6764693A776179706F696E7420783D223236312E302220793D2236352E30222F3E0D0A20202020202020203C62706D6E64693A42504D4E4C6162656C3E0D0A202020202020202020203C6F6D6764633A426F756E6473206865696768743D22302E30222077696474683D22302E302220783D22302E302220793D22302E30222F3E0D0A20202020202020203C2F62706D6E64693A42504D4E4C6162656C3E0D0A2020202020203C2F62706D6E64693A42504D4E456467653E0D0A2020202020203C62706D6E64693A42504D4E456467652062706D6E456C656D656E743D225F39222069643D2242504D4E456467655F5F392220736F75726365456C656D656E743D225F332220746172676574456C656D656E743D225F34223E0D0A20202020202020203C6F6D6764693A776179706F696E7420783D223236322E352220793D223132302E30222F3E0D0A20202020202020203C6F6D6764693A776179706F696E7420783D223236322E352220793D223135352E30222F3E0D0A20202020202020203C62706D6E64693A42504D4E4C6162656C3E0D0A202020202020202020203C6F6D6764633A426F756E6473206865696768743D22302E30222077696474683D22302E302220783D22302E302220793D22302E30222F3E0D0A20202020202020203C2F62706D6E64693A42504D4E4C6162656C3E0D0A2020202020203C2F62706D6E64693A42504D4E456467653E0D0A2020202020203C62706D6E64693A42504D4E456467652062706D6E456C656D656E743D225F3131222069643D2242504D4E456467655F5F31312220736F75726365456C656D656E743D225F352220746172676574456C656D656E743D225F36223E0D0A20202020202020203C6F6D6764693A776179706F696E7420783D223236372E352220793D223239352E30222F3E0D0A20202020202020203C6F6D6764693A776179706F696E7420783D223236372E352220793D223332302E30222F3E0D0A20202020202020203C62706D6E64693A42504D4E4C6162656C3E0D0A202020202020202020203C6F6D6764633A426F756E6473206865696768743D22302E30222077696474683D22302E302220783D22302E302220793D22302E30222F3E0D0A20202020202020203C2F62706D6E64693A42504D4E4C6162656C3E0D0A2020202020203C2F62706D6E64693A42504D4E456467653E0D0A2020202020203C62706D6E64693A42504D4E456467652062706D6E456C656D656E743D225F3130222069643D2242504D4E456467655F5F31302220736F75726365456C656D656E743D225F342220746172676574456C656D656E743D225F35223E0D0A20202020202020203C6F6D6764693A776179706F696E7420783D223236352E302220793D223231302E30222F3E0D0A20202020202020203C6F6D6764693A776179706F696E7420783D223236352E302220793D223234302E30222F3E0D0A20202020202020203C62706D6E64693A42504D4E4C6162656C3E0D0A202020202020202020203C6F6D6764633A426F756E6473206865696768743D22302E30222077696474683D22302E302220783D22302E302220793D22302E30222F3E0D0A20202020202020203C2F62706D6E64693A42504D4E4C6162656C3E0D0A2020202020203C2F62706D6E64693A42504D4E456467653E0D0A202020203C2F62706D6E64693A42504D4E506C616E653E0D0A20203C2F62706D6E64693A42504D4E4469616772616D3E0D0A3C2F646566696E6974696F6E733E0D0A, 0);
INSERT INTO `ACT_GE_BYTEARRAY` VALUES ('37502', 1, 'bpmn/evection-uel.bpmn', '37501', 0x3C3F786D6C2076657273696F6E3D22312E302220656E636F64696E673D225554462D3822207374616E64616C6F6E653D22796573223F3E0D0A3C646566696E6974696F6E7320786D6C6E733D22687474703A2F2F7777772E6F6D672E6F72672F737065632F42504D4E2F32303130303532342F4D4F44454C2220786D6C6E733A61637469766974693D22687474703A2F2F61637469766974692E6F72672F62706D6E2220786D6C6E733A62706D6E64693D22687474703A2F2F7777772E6F6D672E6F72672F737065632F42504D4E2F32303130303532342F44492220786D6C6E733A6F6D6764633D22687474703A2F2F7777772E6F6D672E6F72672F737065632F44442F32303130303532342F44432220786D6C6E733A6F6D6764693D22687474703A2F2F7777772E6F6D672E6F72672F737065632F44442F32303130303532342F44492220786D6C6E733A746E733D22687474703A2F2F7777772E61637469766974692E6F72672F746573742220786D6C6E733A7873643D22687474703A2F2F7777772E77332E6F72672F323030312F584D4C536368656D612220786D6C6E733A7873693D22687474703A2F2F7777772E77332E6F72672F323030312F584D4C536368656D612D696E7374616E6365222065787072657373696F6E4C616E67756167653D22687474703A2F2F7777772E77332E6F72672F313939392F5850617468222069643D226D3135383539373237333132393922206E616D653D2222207461726765744E616D6573706163653D22687474703A2F2F7777772E61637469766974692E6F72672F746573742220747970654C616E67756167653D22687474703A2F2F7777772E77332E6F72672F323030312F584D4C536368656D61223E0D0A20203C70726F636573732069643D226D794576656374696F6E3122206973436C6F7365643D2266616C73652220697345786563757461626C653D227472756522206E616D653D22E587BAE5B7AEE794B3E8AFB72D75656C222070726F63657373547970653D224E6F6E65223E0D0A202020203C73746172744576656E742069643D225F3222206E616D653D2253746172744576656E74222F3E0D0A202020203C757365725461736B2061637469766974693A61737369676E65653D22247B61737369676E6565307D222061637469766974693A6578636C75736976653D2274727565222069643D225F3322206E616D653D22E5889BE5BBBAE587BAE5B7AEE794B3E8AFB7222F3E0D0A202020203C656E644576656E742069643D225F3722206E616D653D22456E644576656E74222F3E0D0A202020203C73657175656E6365466C6F772069643D225F382220736F757263655265663D225F3222207461726765745265663D225F33222F3E0D0A202020203C757365725461736B2061637469766974693A61737369676E65653D22247B61737369676E6565317D222061637469766974693A6578636C75736976653D2274727565222069643D225F313422206E616D653D22E7BB8FE79086E5AEA1E689B9222F3E0D0A202020203C73657175656E6365466C6F772069643D225F31352220736F757263655265663D225F3322207461726765745265663D225F3134222F3E0D0A202020203C757365725461736B2061637469766974693A61737369676E65653D22247B61737369676E6565327D222061637469766974693A6578636C75736976653D2274727565222069643D225F313622206E616D653D22E680BBE7BB8FE79086E5AEA1E689B9222F3E0D0A202020203C757365725461736B2061637469766974693A61737369676E65653D22247B61737369676E6565337D222061637469766974693A6578636C75736976653D2274727565222069643D225F313722206E616D653D22E8B4A2E58AA1E5AEA1E689B9222F3E0D0A202020203C73657175656E6365466C6F772069643D225F31382220736F757263655265663D225F313422207461726765745265663D225F3136222F3E0D0A202020203C73657175656E6365466C6F772069643D225F31392220736F757263655265663D225F313622207461726765745265663D225F3137222F3E0D0A202020203C73657175656E6365466C6F772069643D225F32302220736F757263655265663D225F313722207461726765745265663D225F37222F3E0D0A20203C2F70726F636573733E0D0A20203C62706D6E64693A42504D4E4469616772616D20646F63756D656E746174696F6E3D226261636B67726F756E643D234646464646463B636F756E743D313B686F72697A6F6E74616C636F756E743D313B6F7269656E746174696F6E3D303B77696474683D3834322E343B6865696768743D313139352E323B696D61676561626C6557696474683D3833322E343B696D61676561626C654865696768743D313138352E323B696D61676561626C65583D352E303B696D61676561626C65593D352E30222069643D224469616772616D2D5F3122206E616D653D224E6577204469616772616D223E0D0A202020203C62706D6E64693A42504D4E506C616E652062706D6E456C656D656E743D226D794576656374696F6E31223E0D0A2020202020203C62706D6E64693A42504D4E53686170652062706D6E456C656D656E743D225F32222069643D2253686170652D5F32223E0D0A20202020202020203C6F6D6764633A426F756E6473206865696768743D2233322E30222077696474683D2233322E302220783D223330352E302220793D2234352E30222F3E0D0A20202020202020203C62706D6E64693A42504D4E4C6162656C3E0D0A202020202020202020203C6F6D6764633A426F756E6473206865696768743D2233322E30222077696474683D2233322E302220783D22302E302220793D22302E30222F3E0D0A20202020202020203C2F62706D6E64693A42504D4E4C6162656C3E0D0A2020202020203C2F62706D6E64693A42504D4E53686170653E0D0A2020202020203C62706D6E64693A42504D4E53686170652062706D6E456C656D656E743D225F33222069643D2253686170652D5F33223E0D0A20202020202020203C6F6D6764633A426F756E6473206865696768743D2235352E30222077696474683D2238352E302220783D223238352E302220793D223132352E30222F3E0D0A20202020202020203C62706D6E64693A42504D4E4C6162656C3E0D0A202020202020202020203C6F6D6764633A426F756E6473206865696768743D2235352E30222077696474683D2238352E302220783D22302E302220793D22302E30222F3E0D0A20202020202020203C2F62706D6E64693A42504D4E4C6162656C3E0D0A2020202020203C2F62706D6E64693A42504D4E53686170653E0D0A2020202020203C62706D6E64693A42504D4E53686170652062706D6E456C656D656E743D225F37222069643D2253686170652D5F37223E0D0A20202020202020203C6F6D6764633A426F756E6473206865696768743D2233322E30222077696474683D2233322E302220783D223332302E302220793D223530302E30222F3E0D0A20202020202020203C62706D6E64693A42504D4E4C6162656C3E0D0A202020202020202020203C6F6D6764633A426F756E6473206865696768743D2233322E30222077696474683D2233322E302220783D22302E302220793D22302E30222F3E0D0A20202020202020203C2F62706D6E64693A42504D4E4C6162656C3E0D0A2020202020203C2F62706D6E64693A42504D4E53686170653E0D0A2020202020203C62706D6E64693A42504D4E53686170652062706D6E456C656D656E743D225F3134222069643D2253686170652D5F3134223E0D0A20202020202020203C6F6D6764633A426F756E6473206865696768743D2235352E30222077696474683D2238352E302220783D223239302E302220793D223232302E30222F3E0D0A20202020202020203C62706D6E64693A42504D4E4C6162656C3E0D0A202020202020202020203C6F6D6764633A426F756E6473206865696768743D2235352E30222077696474683D2238352E302220783D22302E302220793D22302E30222F3E0D0A20202020202020203C2F62706D6E64693A42504D4E4C6162656C3E0D0A2020202020203C2F62706D6E64693A42504D4E53686170653E0D0A2020202020203C62706D6E64693A42504D4E53686170652062706D6E456C656D656E743D225F3136222069643D2253686170652D5F3136223E0D0A20202020202020203C6F6D6764633A426F756E6473206865696768743D2235352E30222077696474683D2238352E302220783D223239352E302220793D223331352E30222F3E0D0A20202020202020203C62706D6E64693A42504D4E4C6162656C3E0D0A202020202020202020203C6F6D6764633A426F756E6473206865696768743D2235352E30222077696474683D2238352E302220783D22302E302220793D22302E30222F3E0D0A20202020202020203C2F62706D6E64693A42504D4E4C6162656C3E0D0A2020202020203C2F62706D6E64693A42504D4E53686170653E0D0A2020202020203C62706D6E64693A42504D4E53686170652062706D6E456C656D656E743D225F3137222069643D2253686170652D5F3137223E0D0A20202020202020203C6F6D6764633A426F756E6473206865696768743D2235352E30222077696474683D2238352E302220783D223239302E302220793D223339352E30222F3E0D0A20202020202020203C62706D6E64693A42504D4E4C6162656C3E0D0A202020202020202020203C6F6D6764633A426F756E6473206865696768743D2235352E30222077696474683D2238352E302220783D22302E302220793D22302E30222F3E0D0A20202020202020203C2F62706D6E64693A42504D4E4C6162656C3E0D0A2020202020203C2F62706D6E64693A42504D4E53686170653E0D0A2020202020203C62706D6E64693A42504D4E456467652062706D6E456C656D656E743D225F3135222069643D2242504D4E456467655F5F31352220736F75726365456C656D656E743D225F332220746172676574456C656D656E743D225F3134223E0D0A20202020202020203C6F6D6764693A776179706F696E7420783D223333302E302220793D223138302E30222F3E0D0A20202020202020203C6F6D6764693A776179706F696E7420783D223333302E302220793D223232302E30222F3E0D0A20202020202020203C62706D6E64693A42504D4E4C6162656C3E0D0A202020202020202020203C6F6D6764633A426F756E6473206865696768743D22302E30222077696474683D22302E302220783D22302E302220793D22302E30222F3E0D0A20202020202020203C2F62706D6E64693A42504D4E4C6162656C3E0D0A2020202020203C2F62706D6E64693A42504D4E456467653E0D0A2020202020203C62706D6E64693A42504D4E456467652062706D6E456C656D656E743D225F3139222069643D2242504D4E456467655F5F31392220736F75726365456C656D656E743D225F31362220746172676574456C656D656E743D225F3137223E0D0A20202020202020203C6F6D6764693A776179706F696E7420783D223333352E302220793D223337302E30222F3E0D0A20202020202020203C6F6D6764693A776179706F696E7420783D223333352E302220793D223339352E30222F3E0D0A20202020202020203C62706D6E64693A42504D4E4C6162656C3E0D0A202020202020202020203C6F6D6764633A426F756E6473206865696768743D22302E30222077696474683D22302E302220783D22302E302220793D22302E30222F3E0D0A20202020202020203C2F62706D6E64693A42504D4E4C6162656C3E0D0A2020202020203C2F62706D6E64693A42504D4E456467653E0D0A2020202020203C62706D6E64693A42504D4E456467652062706D6E456C656D656E743D225F3138222069643D2242504D4E456467655F5F31382220736F75726365456C656D656E743D225F31342220746172676574456C656D656E743D225F3136223E0D0A20202020202020203C6F6D6764693A776179706F696E7420783D223333352E302220793D223237352E30222F3E0D0A20202020202020203C6F6D6764693A776179706F696E7420783D223333352E302220793D223331352E30222F3E0D0A20202020202020203C62706D6E64693A42504D4E4C6162656C3E0D0A202020202020202020203C6F6D6764633A426F756E6473206865696768743D22302E30222077696474683D22302E302220783D22302E302220793D22302E30222F3E0D0A20202020202020203C2F62706D6E64693A42504D4E4C6162656C3E0D0A2020202020203C2F62706D6E64693A42504D4E456467653E0D0A2020202020203C62706D6E64693A42504D4E456467652062706D6E456C656D656E743D225F38222069643D2242504D4E456467655F5F382220736F75726365456C656D656E743D225F322220746172676574456C656D656E743D225F33223E0D0A20202020202020203C6F6D6764693A776179706F696E7420783D223332312E302220793D2237372E30222F3E0D0A20202020202020203C6F6D6764693A776179706F696E7420783D223332312E302220793D223132352E30222F3E0D0A20202020202020203C62706D6E64693A42504D4E4C6162656C3E0D0A202020202020202020203C6F6D6764633A426F756E6473206865696768743D22302E30222077696474683D22302E302220783D22302E302220793D22302E30222F3E0D0A20202020202020203C2F62706D6E64693A42504D4E4C6162656C3E0D0A2020202020203C2F62706D6E64693A42504D4E456467653E0D0A2020202020203C62706D6E64693A42504D4E456467652062706D6E456C656D656E743D225F3230222069643D2242504D4E456467655F5F32302220736F75726365456C656D656E743D225F31372220746172676574456C656D656E743D225F37223E0D0A20202020202020203C6F6D6764693A776179706F696E7420783D223333362E302220793D223435302E30222F3E0D0A20202020202020203C6F6D6764693A776179706F696E7420783D223333362E302220793D223530302E30222F3E0D0A20202020202020203C62706D6E64693A42504D4E4C6162656C3E0D0A202020202020202020203C6F6D6764633A426F756E6473206865696768743D22302E30222077696474683D22302E302220783D22302E302220793D22302E30222F3E0D0A20202020202020203C2F62706D6E64693A42504D4E4C6162656C3E0D0A2020202020203C2F62706D6E64693A42504D4E456467653E0D0A202020203C2F62706D6E64693A42504D4E506C616E653E0D0A20203C2F62706D6E64693A42504D4E4469616772616D3E0D0A3C2F646566696E6974696F6E733E0D0A, 0);
INSERT INTO `ACT_GE_BYTEARRAY` VALUES ('42502', 1, 'bpmn/demo-listen.bpmn', '42501', 0x3C3F786D6C2076657273696F6E3D22312E302220656E636F64696E673D225554462D3822207374616E64616C6F6E653D22796573223F3E0D0A3C646566696E6974696F6E7320786D6C6E733D22687474703A2F2F7777772E6F6D672E6F72672F737065632F42504D4E2F32303130303532342F4D4F44454C2220786D6C6E733A61637469766974693D22687474703A2F2F61637469766974692E6F72672F62706D6E2220786D6C6E733A62706D6E64693D22687474703A2F2F7777772E6F6D672E6F72672F737065632F42504D4E2F32303130303532342F44492220786D6C6E733A6F6D6764633D22687474703A2F2F7777772E6F6D672E6F72672F737065632F44442F32303130303532342F44432220786D6C6E733A6F6D6764693D22687474703A2F2F7777772E6F6D672E6F72672F737065632F44442F32303130303532342F44492220786D6C6E733A746E733D22687474703A2F2F7777772E61637469766974692E6F72672F746573742220786D6C6E733A7873643D22687474703A2F2F7777772E77332E6F72672F323030312F584D4C536368656D612220786D6C6E733A7873693D22687474703A2F2F7777772E77332E6F72672F323030312F584D4C536368656D612D696E7374616E6365222065787072657373696F6E4C616E67756167653D22687474703A2F2F7777772E77332E6F72672F313939392F5850617468222069643D226D3135383539373534333732303322206E616D653D2222207461726765744E616D6573706163653D22687474703A2F2F7777772E61637469766974692E6F72672F746573742220747970654C616E67756167653D22687474703A2F2F7777772E77332E6F72672F323030312F584D4C536368656D61223E0D0A20203C70726F636573732069643D22746573744C697374656E657222206973436C6F7365643D2266616C73652220697345786563757461626C653D227472756522206E616D653D22E6B58BE8AF95E79B91E590ACE599A8222070726F63657373547970653D224E6F6E65223E0D0A202020203C73746172744576656E742069643D225F3222206E616D653D2253746172744576656E74222F3E0D0A202020203C656E644576656E742069643D225F3322206E616D653D22456E644576656E74222F3E0D0A202020203C757365725461736B2061637469766974693A6578636C75736976653D2274727565222069643D225F3422206E616D653D22E5889BE5BBBAE794B3E8AFB7223E0D0A2020202020203C657874656E73696F6E456C656D656E74733E0D0A20202020202020203C61637469766974693A7461736B4C697374656E657220636C6173733D22636F6D2E69746865696D612E64656D6F2E6C697374656E65722E4D795461736B4C697374656E657222206576656E743D22616C6C222F3E0D0A2020202020203C2F657874656E73696F6E456C656D656E74733E0D0A202020203C2F757365725461736B3E0D0A202020203C757365725461736B2061637469766974693A6578636C75736976653D2274727565222069643D225F3522206E616D653D22E5AEA1E6A0B8E794B3E8AFB7223E0D0A2020202020203C657874656E73696F6E456C656D656E74733E0D0A20202020202020203C61637469766974693A7461736B4C697374656E657220636C6173733D22636F6D2E69746865696D612E64656D6F2E6C697374656E65722E4D795461736B4C697374656E657222206576656E743D22616C6C222F3E0D0A2020202020203C2F657874656E73696F6E456C656D656E74733E0D0A202020203C2F757365725461736B3E0D0A202020203C73657175656E6365466C6F772069643D225F362220736F757263655265663D225F3222207461726765745265663D225F34222F3E0D0A202020203C73657175656E6365466C6F772069643D225F372220736F757263655265663D225F3422207461726765745265663D225F35222F3E0D0A202020203C73657175656E6365466C6F772069643D225F382220736F757263655265663D225F3522207461726765745265663D225F33222F3E0D0A20203C2F70726F636573733E0D0A20203C62706D6E64693A42504D4E4469616772616D20646F63756D656E746174696F6E3D226261636B67726F756E643D234646464646463B636F756E743D313B686F72697A6F6E74616C636F756E743D313B6F7269656E746174696F6E3D303B77696474683D3834322E343B6865696768743D313139352E323B696D61676561626C6557696474683D3833322E343B696D61676561626C654865696768743D313138352E323B696D61676561626C65583D352E303B696D61676561626C65593D352E30222069643D224469616772616D2D5F3122206E616D653D224E6577204469616772616D223E0D0A202020203C62706D6E64693A42504D4E506C616E652062706D6E456C656D656E743D22746573744C697374656E6572223E0D0A2020202020203C62706D6E64693A42504D4E53686170652062706D6E456C656D656E743D225F32222069643D2253686170652D5F32223E0D0A20202020202020203C6F6D6764633A426F756E6473206865696768743D2233322E30222077696474683D2233322E302220783D223332352E302220793D2233352E30222F3E0D0A20202020202020203C62706D6E64693A42504D4E4C6162656C3E0D0A202020202020202020203C6F6D6764633A426F756E6473206865696768743D2233322E30222077696474683D2233322E302220783D22302E302220793D22302E30222F3E0D0A20202020202020203C2F62706D6E64693A42504D4E4C6162656C3E0D0A2020202020203C2F62706D6E64693A42504D4E53686170653E0D0A2020202020203C62706D6E64693A42504D4E53686170652062706D6E456C656D656E743D225F33222069643D2253686170652D5F33223E0D0A20202020202020203C6F6D6764633A426F756E6473206865696768743D2233322E30222077696474683D2233322E302220783D223333352E302220793D223239302E30222F3E0D0A20202020202020203C62706D6E64693A42504D4E4C6162656C3E0D0A202020202020202020203C6F6D6764633A426F756E6473206865696768743D2233322E30222077696474683D2233322E302220783D22302E302220793D22302E30222F3E0D0A20202020202020203C2F62706D6E64693A42504D4E4C6162656C3E0D0A2020202020203C2F62706D6E64693A42504D4E53686170653E0D0A2020202020203C62706D6E64693A42504D4E53686170652062706D6E456C656D656E743D225F34222069643D2253686170652D5F34223E0D0A20202020202020203C6F6D6764633A426F756E6473206865696768743D2235352E30222077696474683D2238352E302220783D223330302E302220793D223130302E30222F3E0D0A20202020202020203C62706D6E64693A42504D4E4C6162656C3E0D0A202020202020202020203C6F6D6764633A426F756E6473206865696768743D2235352E30222077696474683D2238352E302220783D22302E302220793D22302E30222F3E0D0A20202020202020203C2F62706D6E64693A42504D4E4C6162656C3E0D0A2020202020203C2F62706D6E64693A42504D4E53686170653E0D0A2020202020203C62706D6E64693A42504D4E53686170652062706D6E456C656D656E743D225F35222069643D2253686170652D5F35223E0D0A20202020202020203C6F6D6764633A426F756E6473206865696768743D2235352E30222077696474683D2238352E302220783D223330302E302220793D223230352E30222F3E0D0A20202020202020203C62706D6E64693A42504D4E4C6162656C3E0D0A202020202020202020203C6F6D6764633A426F756E6473206865696768743D2235352E30222077696474683D2238352E302220783D22302E302220793D22302E30222F3E0D0A20202020202020203C2F62706D6E64693A42504D4E4C6162656C3E0D0A2020202020203C2F62706D6E64693A42504D4E53686170653E0D0A2020202020203C62706D6E64693A42504D4E456467652062706D6E456C656D656E743D225F36222069643D2242504D4E456467655F5F362220736F75726365456C656D656E743D225F322220746172676574456C656D656E743D225F34223E0D0A20202020202020203C6F6D6764693A776179706F696E7420783D223334312E302220793D2236372E30222F3E0D0A20202020202020203C6F6D6764693A776179706F696E7420783D223334312E302220793D223130302E30222F3E0D0A20202020202020203C62706D6E64693A42504D4E4C6162656C3E0D0A202020202020202020203C6F6D6764633A426F756E6473206865696768743D22302E30222077696474683D22302E302220783D22302E302220793D22302E30222F3E0D0A20202020202020203C2F62706D6E64693A42504D4E4C6162656C3E0D0A2020202020203C2F62706D6E64693A42504D4E456467653E0D0A2020202020203C62706D6E64693A42504D4E456467652062706D6E456C656D656E743D225F37222069643D2242504D4E456467655F5F372220736F75726365456C656D656E743D225F342220746172676574456C656D656E743D225F35223E0D0A20202020202020203C6F6D6764693A776179706F696E7420783D223334322E352220793D223135352E30222F3E0D0A20202020202020203C6F6D6764693A776179706F696E7420783D223334322E352220793D223230352E30222F3E0D0A20202020202020203C62706D6E64693A42504D4E4C6162656C3E0D0A202020202020202020203C6F6D6764633A426F756E6473206865696768743D22302E30222077696474683D22302E302220783D22302E302220793D22302E30222F3E0D0A20202020202020203C2F62706D6E64693A42504D4E4C6162656C3E0D0A2020202020203C2F62706D6E64693A42504D4E456467653E0D0A2020202020203C62706D6E64693A42504D4E456467652062706D6E456C656D656E743D225F38222069643D2242504D4E456467655F5F382220736F75726365456C656D656E743D225F352220746172676574456C656D656E743D225F33223E0D0A20202020202020203C6F6D6764693A776179706F696E7420783D223335312E302220793D223236302E30222F3E0D0A20202020202020203C6F6D6764693A776179706F696E7420783D223335312E302220793D223239302E30222F3E0D0A20202020202020203C62706D6E64693A42504D4E4C6162656C3E0D0A202020202020202020203C6F6D6764633A426F756E6473206865696768743D22302E30222077696474683D22302E302220783D22302E302220793D22302E30222F3E0D0A20202020202020203C2F62706D6E64693A42504D4E4C6162656C3E0D0A2020202020203C2F62706D6E64693A42504D4E456467653E0D0A202020203C2F62706D6E64693A42504D4E506C616E653E0D0A20203C2F62706D6E64693A42504D4E4469616772616D3E0D0A3C2F646566696E6974696F6E733E0D0A, 0);
INSERT INTO `ACT_GE_BYTEARRAY` VALUES ('47502', 1, 'bpmn/evection-global.bpmn', '47501', 0x3C3F786D6C2076657273696F6E3D22312E302220656E636F64696E673D225554462D3822207374616E64616C6F6E653D22796573223F3E0D0A3C646566696E6974696F6E7320786D6C6E733D22687474703A2F2F7777772E6F6D672E6F72672F737065632F42504D4E2F32303130303532342F4D4F44454C2220786D6C6E733A61637469766974693D22687474703A2F2F61637469766974692E6F72672F62706D6E2220786D6C6E733A62706D6E64693D22687474703A2F2F7777772E6F6D672E6F72672F737065632F42504D4E2F32303130303532342F44492220786D6C6E733A6F6D6764633D22687474703A2F2F7777772E6F6D672E6F72672F737065632F44442F32303130303532342F44432220786D6C6E733A6F6D6764693D22687474703A2F2F7777772E6F6D672E6F72672F737065632F44442F32303130303532342F44492220786D6C6E733A746E733D22687474703A2F2F7777772E61637469766974692E6F72672F746573742220786D6C6E733A7873643D22687474703A2F2F7777772E77332E6F72672F323030312F584D4C536368656D612220786D6C6E733A7873693D22687474703A2F2F7777772E77332E6F72672F323030312F584D4C536368656D612D696E7374616E6365222065787072657373696F6E4C616E67756167653D22687474703A2F2F7777772E77332E6F72672F313939392F5850617468222069643D226D3135383539393938303530333622206E616D653D2222207461726765744E616D6573706163653D22687474703A2F2F7777772E61637469766974692E6F72672F746573742220747970654C616E67756167653D22687474703A2F2F7777772E77332E6F72672F323030312F584D4C536368656D61223E0D0A20203C70726F636573732069643D226D794576656374696F6E3222206973436C6F7365643D2266616C73652220697345786563757461626C653D2274727565222070726F63657373547970653D224E6F6E65223E0D0A202020203C73746172744576656E742069643D225F3222206E616D653D2253746172744576656E74222F3E0D0A202020203C757365725461736B2061637469766974693A61737369676E65653D22247B61737369676E6565307D222061637469766974693A6578636C75736976653D2274727565222069643D225F3322206E616D653D22E5889BE5BBBAE587BAE5B7AEE794B3E8AFB7222F3E0D0A202020203C757365725461736B2061637469766974693A61737369676E65653D22247B61737369676E6565317D222061637469766974693A6578636C75736976653D2274727565222069643D225F3422206E616D653D22E983A8E997A8E7BB8FE79086E5AEA1E6A0B8222F3E0D0A202020203C757365725461736B2061637469766974693A61737369676E65653D22247B61737369676E6565327D222061637469766974693A6578636C75736976653D2274727565222069643D225F3522206E616D653D22E680BBE7BB8FE79086E5AEA1E689B9222F3E0D0A202020203C757365725461736B2061637469766974693A61737369676E65653D22247B61737369676E6565337D222061637469766974693A6578636C75736976653D2274727565222069643D225F3622206E616D653D22E8B4A2E58AA1E5AEA1E689B9222F3E0D0A202020203C656E644576656E742069643D225F3722206E616D653D22456E644576656E74222F3E0D0A202020203C73657175656E6365466C6F772069643D225F382220736F757263655265663D225F3222207461726765745265663D225F33222F3E0D0A202020203C73657175656E6365466C6F772069643D225F392220736F757263655265663D225F3322207461726765745265663D225F34222F3E0D0A202020203C73657175656E6365466C6F772069643D225F31302220736F757263655265663D225F3422207461726765745265663D225F36223E0D0A2020202020203C636F6E646974696F6E45787072657373696F6E207873693A747970653D2274466F726D616C45787072657373696F6E223E3C215B43444154415B247B6576656374696F6E2E6E756D3C337D5D5D3E3C2F636F6E646974696F6E45787072657373696F6E3E0D0A202020203C2F73657175656E6365466C6F773E0D0A202020203C73657175656E6365466C6F772069643D225F31312220736F757263655265663D225F3422207461726765745265663D225F35223E0D0A2020202020203C636F6E646974696F6E45787072657373696F6E207873693A747970653D2274466F726D616C45787072657373696F6E223E3C215B43444154415B247B6576656374696F6E2E6E756D3E3D337D5D5D3E3C2F636F6E646974696F6E45787072657373696F6E3E0D0A202020203C2F73657175656E6365466C6F773E0D0A202020203C73657175656E6365466C6F772069643D225F31322220736F757263655265663D225F3522207461726765745265663D225F36222F3E0D0A202020203C73657175656E6365466C6F772069643D225F31332220736F757263655265663D225F3622207461726765745265663D225F37222F3E0D0A20203C2F70726F636573733E0D0A20203C62706D6E64693A42504D4E4469616772616D20646F63756D656E746174696F6E3D226261636B67726F756E643D234646464646463B636F756E743D313B686F72697A6F6E74616C636F756E743D313B6F7269656E746174696F6E3D303B77696474683D3834322E343B6865696768743D313139352E323B696D61676561626C6557696474683D3833322E343B696D61676561626C654865696768743D313138352E323B696D61676561626C65583D352E303B696D61676561626C65593D352E30222069643D224469616772616D2D5F3122206E616D653D224E6577204469616772616D223E0D0A202020203C62706D6E64693A42504D4E506C616E652062706D6E456C656D656E743D226D794576656374696F6E32223E0D0A2020202020203C62706D6E64693A42504D4E53686170652062706D6E456C656D656E743D225F32222069643D2253686170652D5F32223E0D0A20202020202020203C6F6D6764633A426F756E6473206865696768743D2233322E30222077696474683D2233322E302220783D22352E302220793D223136302E30222F3E0D0A20202020202020203C62706D6E64693A42504D4E4C6162656C3E0D0A202020202020202020203C6F6D6764633A426F756E6473206865696768743D2233322E30222077696474683D2233322E302220783D22302E302220793D22302E30222F3E0D0A20202020202020203C2F62706D6E64693A42504D4E4C6162656C3E0D0A2020202020203C2F62706D6E64693A42504D4E53686170653E0D0A2020202020203C62706D6E64693A42504D4E53686170652062706D6E456C656D656E743D225F33222069643D2253686170652D5F33223E0D0A20202020202020203C6F6D6764633A426F756E6473206865696768743D2235352E30222077696474683D2238352E302220783D223130302E302220793D223135302E30222F3E0D0A20202020202020203C62706D6E64693A42504D4E4C6162656C3E0D0A202020202020202020203C6F6D6764633A426F756E6473206865696768743D2235352E30222077696474683D2238352E302220783D22302E302220793D22302E30222F3E0D0A20202020202020203C2F62706D6E64693A42504D4E4C6162656C3E0D0A2020202020203C2F62706D6E64693A42504D4E53686170653E0D0A2020202020203C62706D6E64693A42504D4E53686170652062706D6E456C656D656E743D225F34222069643D2253686170652D5F34223E0D0A20202020202020203C6F6D6764633A426F756E6473206865696768743D2235352E30222077696474683D2238352E302220783D223236352E302220793D223135302E30222F3E0D0A20202020202020203C62706D6E64693A42504D4E4C6162656C3E0D0A202020202020202020203C6F6D6764633A426F756E6473206865696768743D2235352E30222077696474683D2238352E302220783D22302E302220793D22302E30222F3E0D0A20202020202020203C2F62706D6E64693A42504D4E4C6162656C3E0D0A2020202020203C2F62706D6E64693A42504D4E53686170653E0D0A2020202020203C62706D6E64693A42504D4E53686170652062706D6E456C656D656E743D225F35222069643D2253686170652D5F35223E0D0A20202020202020203C6F6D6764633A426F756E6473206865696768743D2235352E30222077696474683D2238352E302220783D223438302E302220793D223131352E30222F3E0D0A20202020202020203C62706D6E64693A42504D4E4C6162656C3E0D0A202020202020202020203C6F6D6764633A426F756E6473206865696768743D2235352E30222077696474683D2238352E302220783D22302E302220793D22302E30222F3E0D0A20202020202020203C2F62706D6E64693A42504D4E4C6162656C3E0D0A2020202020203C2F62706D6E64693A42504D4E53686170653E0D0A2020202020203C62706D6E64693A42504D4E53686170652062706D6E456C656D656E743D225F36222069643D2253686170652D5F36223E0D0A20202020202020203C6F6D6764633A426F756E6473206865696768743D2235352E30222077696474683D2238352E302220783D223438352E302220793D223236302E30222F3E0D0A20202020202020203C62706D6E64693A42504D4E4C6162656C3E0D0A202020202020202020203C6F6D6764633A426F756E6473206865696768743D2235352E30222077696474683D2238352E302220783D22302E302220793D22302E30222F3E0D0A20202020202020203C2F62706D6E64693A42504D4E4C6162656C3E0D0A2020202020203C2F62706D6E64693A42504D4E53686170653E0D0A2020202020203C62706D6E64693A42504D4E53686170652062706D6E456C656D656E743D225F37222069643D2253686170652D5F37223E0D0A20202020202020203C6F6D6764633A426F756E6473206865696768743D2233322E30222077696474683D2233322E302220783D223635352E302220793D223236352E30222F3E0D0A20202020202020203C62706D6E64693A42504D4E4C6162656C3E0D0A202020202020202020203C6F6D6764633A426F756E6473206865696768743D2233322E30222077696474683D2233322E302220783D22302E302220793D22302E30222F3E0D0A20202020202020203C2F62706D6E64693A42504D4E4C6162656C3E0D0A2020202020203C2F62706D6E64693A42504D4E53686170653E0D0A2020202020203C62706D6E64693A42504D4E456467652062706D6E456C656D656E743D225F3133222069643D2242504D4E456467655F5F31332220736F75726365456C656D656E743D225F362220746172676574456C656D656E743D225F37223E0D0A20202020202020203C6F6D6764693A776179706F696E7420783D223537302E302220793D223238372E35222F3E0D0A20202020202020203C6F6D6764693A776179706F696E7420783D223635352E302220793D223238312E30222F3E0D0A20202020202020203C62706D6E64693A42504D4E4C6162656C3E0D0A202020202020202020203C6F6D6764633A426F756E6473206865696768743D22302E30222077696474683D22302E302220783D22302E302220793D22302E30222F3E0D0A20202020202020203C2F62706D6E64693A42504D4E4C6162656C3E0D0A2020202020203C2F62706D6E64693A42504D4E456467653E0D0A2020202020203C62706D6E64693A42504D4E456467652062706D6E456C656D656E743D225F3132222069643D2242504D4E456467655F5F31322220736F75726365456C656D656E743D225F352220746172676574456C656D656E743D225F36223E0D0A20202020202020203C6F6D6764693A776179706F696E7420783D223532352E302220793D223137302E30222F3E0D0A20202020202020203C6F6D6764693A776179706F696E7420783D223532352E302220793D223236302E30222F3E0D0A20202020202020203C62706D6E64693A42504D4E4C6162656C3E0D0A202020202020202020203C6F6D6764633A426F756E6473206865696768743D22302E30222077696474683D22302E302220783D22302E302220793D22302E30222F3E0D0A20202020202020203C2F62706D6E64693A42504D4E4C6162656C3E0D0A2020202020203C2F62706D6E64693A42504D4E456467653E0D0A2020202020203C62706D6E64693A42504D4E456467652062706D6E456C656D656E743D225F38222069643D2242504D4E456467655F5F382220736F75726365456C656D656E743D225F322220746172676574456C656D656E743D225F33223E0D0A20202020202020203C6F6D6764693A776179706F696E7420783D2233372E302220793D223137362E30222F3E0D0A20202020202020203C6F6D6764693A776179706F696E7420783D223130302E302220793D223137372E35222F3E0D0A20202020202020203C62706D6E64693A42504D4E4C6162656C3E0D0A202020202020202020203C6F6D6764633A426F756E6473206865696768743D22302E30222077696474683D22302E302220783D22302E302220793D22302E30222F3E0D0A20202020202020203C2F62706D6E64693A42504D4E4C6162656C3E0D0A2020202020203C2F62706D6E64693A42504D4E456467653E0D0A2020202020203C62706D6E64693A42504D4E456467652062706D6E456C656D656E743D225F39222069643D2242504D4E456467655F5F392220736F75726365456C656D656E743D225F332220746172676574456C656D656E743D225F34223E0D0A20202020202020203C6F6D6764693A776179706F696E7420783D223138352E302220793D223137372E35222F3E0D0A20202020202020203C6F6D6764693A776179706F696E7420783D223236352E302220793D223137372E35222F3E0D0A20202020202020203C62706D6E64693A42504D4E4C6162656C3E0D0A202020202020202020203C6F6D6764633A426F756E6473206865696768743D22302E30222077696474683D22302E302220783D22302E302220793D22302E30222F3E0D0A20202020202020203C2F62706D6E64693A42504D4E4C6162656C3E0D0A2020202020203C2F62706D6E64693A42504D4E456467653E0D0A2020202020203C62706D6E64693A42504D4E456467652062706D6E456C656D656E743D225F3131222069643D2242504D4E456467655F5F31312220736F75726365456C656D656E743D225F342220746172676574456C656D656E743D225F35223E0D0A20202020202020203C6F6D6764693A776179706F696E7420783D223335302E302220793D223137372E35222F3E0D0A20202020202020203C6F6D6764693A776179706F696E7420783D223438302E302220793D223134322E35222F3E0D0A20202020202020203C62706D6E64693A42504D4E4C6162656C3E0D0A202020202020202020203C6F6D6764633A426F756E6473206865696768743D22302E30222077696474683D22302E302220783D22302E302220793D22302E30222F3E0D0A20202020202020203C2F62706D6E64693A42504D4E4C6162656C3E0D0A2020202020203C2F62706D6E64693A42504D4E456467653E0D0A2020202020203C62706D6E64693A42504D4E456467652062706D6E456C656D656E743D225F3130222069643D2242504D4E456467655F5F31302220736F75726365456C656D656E743D225F342220746172676574456C656D656E743D225F36223E0D0A20202020202020203C6F6D6764693A776179706F696E7420783D223335302E302220793D223137372E35222F3E0D0A20202020202020203C6F6D6764693A776179706F696E7420783D223438352E302220793D223238372E35222F3E0D0A20202020202020203C62706D6E64693A42504D4E4C6162656C3E0D0A202020202020202020203C6F6D6764633A426F756E6473206865696768743D22302E30222077696474683D22302E302220783D22302E302220793D22302E30222F3E0D0A20202020202020203C2F62706D6E64693A42504D4E4C6162656C3E0D0A2020202020203C2F62706D6E64693A42504D4E456467653E0D0A202020203C2F62706D6E64693A42504D4E506C616E653E0D0A20203C2F62706D6E64693A42504D4E4469616772616D3E0D0A3C2F646566696E6974696F6E733E0D0A, 0);
INSERT INTO `ACT_GE_BYTEARRAY` VALUES ('50003', 1, 'var-evection', NULL, 0xACED00057372001E636F6D2E69746865696D612E64656D6F2E706F6A6F2E4576656374696F6E8F0589E38D60E7DB0200074C0009626567696E446174657400104C6A6176612F7574696C2F446174653B4C000B64657374696E6174696F6E7400124C6A6176612F6C616E672F537472696E673B4C0007656E644461746571007E00014C000C6576656374696F6E4E616D6571007E00024C000269647400104C6A6176612F6C616E672F4C6F6E673B4C00036E756D7400124C6A6176612F6C616E672F446F75626C653B4C00057265736F6E71007E000278707070707070737200106A6176612E6C616E672E446F75626C6580B3C24A296BFB0402000144000576616C7565787200106A6176612E6C616E672E4E756D62657286AC951D0B94E08B0200007870400000000000000070, NULL);
INSERT INTO `ACT_GE_BYTEARRAY` VALUES ('50005', 1, 'hist.var-evection', NULL, 0xACED00057372001E636F6D2E69746865696D612E64656D6F2E706F6A6F2E4576656374696F6E8F0589E38D60E7DB0200074C0009626567696E446174657400104C6A6176612F7574696C2F446174653B4C000B64657374696E6174696F6E7400124C6A6176612F6C616E672F537472696E673B4C0007656E644461746571007E00014C000C6576656374696F6E4E616D6571007E00024C000269647400104C6A6176612F6C616E672F4C6F6E673B4C00036E756D7400124C6A6176612F6C616E672F446F75626C653B4C00057265736F6E71007E000278707070707070737200106A6176612E6C616E672E446F75626C6580B3C24A296BFB0402000144000576616C7565787200106A6176612E6C616E672E4E756D62657286AC951D0B94E08B0200007870400000000000000070, NULL);
INSERT INTO `ACT_GE_BYTEARRAY` VALUES ('57502', 1, 'bpmn/evection-global.bpmn', '57501', 0x3C3F786D6C2076657273696F6E3D22312E302220656E636F64696E673D225554462D3822207374616E64616C6F6E653D22796573223F3E0D0A3C646566696E6974696F6E7320786D6C6E733D22687474703A2F2F7777772E6F6D672E6F72672F737065632F42504D4E2F32303130303532342F4D4F44454C2220786D6C6E733A61637469766974693D22687474703A2F2F61637469766974692E6F72672F62706D6E2220786D6C6E733A62706D6E64693D22687474703A2F2F7777772E6F6D672E6F72672F737065632F42504D4E2F32303130303532342F44492220786D6C6E733A6F6D6764633D22687474703A2F2F7777772E6F6D672E6F72672F737065632F44442F32303130303532342F44432220786D6C6E733A6F6D6764693D22687474703A2F2F7777772E6F6D672E6F72672F737065632F44442F32303130303532342F44492220786D6C6E733A746E733D22687474703A2F2F7777772E61637469766974692E6F72672F746573742220786D6C6E733A7873643D22687474703A2F2F7777772E77332E6F72672F323030312F584D4C536368656D612220786D6C6E733A7873693D22687474703A2F2F7777772E77332E6F72672F323030312F584D4C536368656D612D696E7374616E6365222065787072657373696F6E4C616E67756167653D22687474703A2F2F7777772E77332E6F72672F313939392F5850617468222069643D226D3135383539393938303530333622206E616D653D2222207461726765744E616D6573706163653D22687474703A2F2F7777772E61637469766974692E6F72672F746573742220747970654C616E67756167653D22687474703A2F2F7777772E77332E6F72672F323030312F584D4C536368656D61223E0D0A20203C70726F636573732069643D226D794576656374696F6E3222206973436C6F7365643D2266616C73652220697345786563757461626C653D2274727565222070726F63657373547970653D224E6F6E65223E0D0A202020203C73746172744576656E742069643D225F3222206E616D653D2253746172744576656E74222F3E0D0A202020203C757365725461736B2061637469766974693A61737369676E65653D22247B61737369676E6565307D222061637469766974693A6578636C75736976653D2274727565222069643D225F3322206E616D653D22E5889BE5BBBAE587BAE5B7AEE794B3E8AFB7222F3E0D0A202020203C757365725461736B2061637469766974693A61737369676E65653D22247B61737369676E6565317D222061637469766974693A6578636C75736976653D2274727565222069643D225F3422206E616D653D22E983A8E997A8E7BB8FE79086E5AEA1E6A0B8222F3E0D0A202020203C757365725461736B2061637469766974693A61737369676E65653D22247B61737369676E6565327D222061637469766974693A6578636C75736976653D2274727565222069643D225F3522206E616D653D22E680BBE7BB8FE79086E5AEA1E689B9222F3E0D0A202020203C757365725461736B2061637469766974693A61737369676E65653D22247B61737369676E6565337D222061637469766974693A6578636C75736976653D2274727565222069643D225F3622206E616D653D22E8B4A2E58AA1E5AEA1E689B9222F3E0D0A202020203C656E644576656E742069643D225F3722206E616D653D22456E644576656E74222F3E0D0A202020203C73657175656E6365466C6F772069643D225F382220736F757263655265663D225F3222207461726765745265663D225F33222F3E0D0A202020203C73657175656E6365466C6F772069643D225F392220736F757263655265663D225F3322207461726765745265663D225F34222F3E0D0A202020203C73657175656E6365466C6F772069643D225F31302220736F757263655265663D225F3422207461726765745265663D225F36223E0D0A2020202020203C636F6E646974696F6E45787072657373696F6E207873693A747970653D2274466F726D616C45787072657373696F6E223E3C215B43444154415B247B6576656374696F6E2E6E756D3C337D5D5D3E3C2F636F6E646974696F6E45787072657373696F6E3E0D0A202020203C2F73657175656E6365466C6F773E0D0A202020203C73657175656E6365466C6F772069643D225F31312220736F757263655265663D225F3422207461726765745265663D225F35223E0D0A2020202020203C636F6E646974696F6E45787072657373696F6E207873693A747970653D2274466F726D616C45787072657373696F6E223E3C215B43444154415B247B6576656374696F6E2E6E756D3E3D337D5D5D3E3C2F636F6E646974696F6E45787072657373696F6E3E0D0A202020203C2F73657175656E6365466C6F773E0D0A202020203C73657175656E6365466C6F772069643D225F31322220736F757263655265663D225F3522207461726765745265663D225F36222F3E0D0A202020203C73657175656E6365466C6F772069643D225F31332220736F757263655265663D225F3622207461726765745265663D225F37222F3E0D0A20203C2F70726F636573733E0D0A20203C62706D6E64693A42504D4E4469616772616D20646F63756D656E746174696F6E3D226261636B67726F756E643D234646464646463B636F756E743D313B686F72697A6F6E74616C636F756E743D313B6F7269656E746174696F6E3D303B77696474683D3834322E343B6865696768743D313139352E323B696D61676561626C6557696474683D3833322E343B696D61676561626C654865696768743D313138352E323B696D61676561626C65583D352E303B696D61676561626C65593D352E30222069643D224469616772616D2D5F3122206E616D653D224E6577204469616772616D223E0D0A202020203C62706D6E64693A42504D4E506C616E652062706D6E456C656D656E743D226D794576656374696F6E32223E0D0A2020202020203C62706D6E64693A42504D4E53686170652062706D6E456C656D656E743D225F32222069643D2253686170652D5F32223E0D0A20202020202020203C6F6D6764633A426F756E6473206865696768743D2233322E30222077696474683D2233322E302220783D22352E302220793D223136302E30222F3E0D0A20202020202020203C62706D6E64693A42504D4E4C6162656C3E0D0A202020202020202020203C6F6D6764633A426F756E6473206865696768743D2233322E30222077696474683D2233322E302220783D22302E302220793D22302E30222F3E0D0A20202020202020203C2F62706D6E64693A42504D4E4C6162656C3E0D0A2020202020203C2F62706D6E64693A42504D4E53686170653E0D0A2020202020203C62706D6E64693A42504D4E53686170652062706D6E456C656D656E743D225F33222069643D2253686170652D5F33223E0D0A20202020202020203C6F6D6764633A426F756E6473206865696768743D2235352E30222077696474683D2238352E302220783D223130302E302220793D223135302E30222F3E0D0A20202020202020203C62706D6E64693A42504D4E4C6162656C3E0D0A202020202020202020203C6F6D6764633A426F756E6473206865696768743D2235352E30222077696474683D2238352E302220783D22302E302220793D22302E30222F3E0D0A20202020202020203C2F62706D6E64693A42504D4E4C6162656C3E0D0A2020202020203C2F62706D6E64693A42504D4E53686170653E0D0A2020202020203C62706D6E64693A42504D4E53686170652062706D6E456C656D656E743D225F34222069643D2253686170652D5F34223E0D0A20202020202020203C6F6D6764633A426F756E6473206865696768743D2235352E30222077696474683D2238352E302220783D223236352E302220793D223135302E30222F3E0D0A20202020202020203C62706D6E64693A42504D4E4C6162656C3E0D0A202020202020202020203C6F6D6764633A426F756E6473206865696768743D2235352E30222077696474683D2238352E302220783D22302E302220793D22302E30222F3E0D0A20202020202020203C2F62706D6E64693A42504D4E4C6162656C3E0D0A2020202020203C2F62706D6E64693A42504D4E53686170653E0D0A2020202020203C62706D6E64693A42504D4E53686170652062706D6E456C656D656E743D225F35222069643D2253686170652D5F35223E0D0A20202020202020203C6F6D6764633A426F756E6473206865696768743D2235352E30222077696474683D2238352E302220783D223438302E302220793D223131352E30222F3E0D0A20202020202020203C62706D6E64693A42504D4E4C6162656C3E0D0A202020202020202020203C6F6D6764633A426F756E6473206865696768743D2235352E30222077696474683D2238352E302220783D22302E302220793D22302E30222F3E0D0A20202020202020203C2F62706D6E64693A42504D4E4C6162656C3E0D0A2020202020203C2F62706D6E64693A42504D4E53686170653E0D0A2020202020203C62706D6E64693A42504D4E53686170652062706D6E456C656D656E743D225F36222069643D2253686170652D5F36223E0D0A20202020202020203C6F6D6764633A426F756E6473206865696768743D2235352E30222077696474683D2238352E302220783D223438352E302220793D223236302E30222F3E0D0A20202020202020203C62706D6E64693A42504D4E4C6162656C3E0D0A202020202020202020203C6F6D6764633A426F756E6473206865696768743D2235352E30222077696474683D2238352E302220783D22302E302220793D22302E30222F3E0D0A20202020202020203C2F62706D6E64693A42504D4E4C6162656C3E0D0A2020202020203C2F62706D6E64693A42504D4E53686170653E0D0A2020202020203C62706D6E64693A42504D4E53686170652062706D6E456C656D656E743D225F37222069643D2253686170652D5F37223E0D0A20202020202020203C6F6D6764633A426F756E6473206865696768743D2233322E30222077696474683D2233322E302220783D223635352E302220793D223236352E30222F3E0D0A20202020202020203C62706D6E64693A42504D4E4C6162656C3E0D0A202020202020202020203C6F6D6764633A426F756E6473206865696768743D2233322E30222077696474683D2233322E302220783D22302E302220793D22302E30222F3E0D0A20202020202020203C2F62706D6E64693A42504D4E4C6162656C3E0D0A2020202020203C2F62706D6E64693A42504D4E53686170653E0D0A2020202020203C62706D6E64693A42504D4E456467652062706D6E456C656D656E743D225F3133222069643D2242504D4E456467655F5F31332220736F75726365456C656D656E743D225F362220746172676574456C656D656E743D225F37223E0D0A20202020202020203C6F6D6764693A776179706F696E7420783D223537302E302220793D223238372E35222F3E0D0A20202020202020203C6F6D6764693A776179706F696E7420783D223635352E302220793D223238312E30222F3E0D0A20202020202020203C62706D6E64693A42504D4E4C6162656C3E0D0A202020202020202020203C6F6D6764633A426F756E6473206865696768743D22302E30222077696474683D22302E302220783D22302E302220793D22302E30222F3E0D0A20202020202020203C2F62706D6E64693A42504D4E4C6162656C3E0D0A2020202020203C2F62706D6E64693A42504D4E456467653E0D0A2020202020203C62706D6E64693A42504D4E456467652062706D6E456C656D656E743D225F3132222069643D2242504D4E456467655F5F31322220736F75726365456C656D656E743D225F352220746172676574456C656D656E743D225F36223E0D0A20202020202020203C6F6D6764693A776179706F696E7420783D223532352E302220793D223137302E30222F3E0D0A20202020202020203C6F6D6764693A776179706F696E7420783D223532352E302220793D223236302E30222F3E0D0A20202020202020203C62706D6E64693A42504D4E4C6162656C3E0D0A202020202020202020203C6F6D6764633A426F756E6473206865696768743D22302E30222077696474683D22302E302220783D22302E302220793D22302E30222F3E0D0A20202020202020203C2F62706D6E64693A42504D4E4C6162656C3E0D0A2020202020203C2F62706D6E64693A42504D4E456467653E0D0A2020202020203C62706D6E64693A42504D4E456467652062706D6E456C656D656E743D225F38222069643D2242504D4E456467655F5F382220736F75726365456C656D656E743D225F322220746172676574456C656D656E743D225F33223E0D0A20202020202020203C6F6D6764693A776179706F696E7420783D2233372E302220793D223137362E30222F3E0D0A20202020202020203C6F6D6764693A776179706F696E7420783D223130302E302220793D223137372E35222F3E0D0A20202020202020203C62706D6E64693A42504D4E4C6162656C3E0D0A202020202020202020203C6F6D6764633A426F756E6473206865696768743D22302E30222077696474683D22302E302220783D22302E302220793D22302E30222F3E0D0A20202020202020203C2F62706D6E64693A42504D4E4C6162656C3E0D0A2020202020203C2F62706D6E64693A42504D4E456467653E0D0A2020202020203C62706D6E64693A42504D4E456467652062706D6E456C656D656E743D225F39222069643D2242504D4E456467655F5F392220736F75726365456C656D656E743D225F332220746172676574456C656D656E743D225F34223E0D0A20202020202020203C6F6D6764693A776179706F696E7420783D223138352E302220793D223137372E35222F3E0D0A20202020202020203C6F6D6764693A776179706F696E7420783D223236352E302220793D223137372E35222F3E0D0A20202020202020203C62706D6E64693A42504D4E4C6162656C3E0D0A202020202020202020203C6F6D6764633A426F756E6473206865696768743D22302E30222077696474683D22302E302220783D22302E302220793D22302E30222F3E0D0A20202020202020203C2F62706D6E64693A42504D4E4C6162656C3E0D0A2020202020203C2F62706D6E64693A42504D4E456467653E0D0A2020202020203C62706D6E64693A42504D4E456467652062706D6E456C656D656E743D225F3131222069643D2242504D4E456467655F5F31312220736F75726365456C656D656E743D225F342220746172676574456C656D656E743D225F35223E0D0A20202020202020203C6F6D6764693A776179706F696E7420783D223335302E302220793D223137372E35222F3E0D0A20202020202020203C6F6D6764693A776179706F696E7420783D223438302E302220793D223134322E35222F3E0D0A20202020202020203C62706D6E64693A42504D4E4C6162656C3E0D0A202020202020202020203C6F6D6764633A426F756E6473206865696768743D22302E30222077696474683D22302E302220783D22302E302220793D22302E30222F3E0D0A20202020202020203C2F62706D6E64693A42504D4E4C6162656C3E0D0A2020202020203C2F62706D6E64693A42504D4E456467653E0D0A2020202020203C62706D6E64693A42504D4E456467652062706D6E456C656D656E743D225F3130222069643D2242504D4E456467655F5F31302220736F75726365456C656D656E743D225F342220746172676574456C656D656E743D225F36223E0D0A20202020202020203C6F6D6764693A776179706F696E7420783D223335302E302220793D223137372E35222F3E0D0A20202020202020203C6F6D6764693A776179706F696E7420783D223438352E302220793D223238372E35222F3E0D0A20202020202020203C62706D6E64693A42504D4E4C6162656C3E0D0A202020202020202020203C6F6D6764633A426F756E6473206865696768743D22302E30222077696474683D22302E302220783D22302E302220793D22302E30222F3E0D0A20202020202020203C2F62706D6E64693A42504D4E4C6162656C3E0D0A2020202020203C2F62706D6E64693A42504D4E456467653E0D0A202020203C2F62706D6E64693A42504D4E506C616E653E0D0A20203C2F62706D6E64693A42504D4E4469616772616D3E0D0A3C2F646566696E6974696F6E733E0D0A, 0);
INSERT INTO `ACT_GE_BYTEARRAY` VALUES ('62501', 1, 'var-evection', NULL, 0xACED00057372001E636F6D2E69746865696D612E64656D6F2E706F6A6F2E4576656374696F6E8F0589E38D60E7DB0200074C0009626567696E446174657400104C6A6176612F7574696C2F446174653B4C000B64657374696E6174696F6E7400124C6A6176612F6C616E672F537472696E673B4C0007656E644461746571007E00014C000C6576656374696F6E4E616D6571007E00024C000269647400104C6A6176612F6C616E672F4C6F6E673B4C00036E756D7400124C6A6176612F6C616E672F446F75626C653B4C00057265736F6E71007E000278707070707070737200106A6176612E6C616E672E446F75626C6580B3C24A296BFB0402000144000576616C7565787200106A6176612E6C616E672E4E756D62657286AC951D0B94E08B0200007870400000000000000070, NULL);
INSERT INTO `ACT_GE_BYTEARRAY` VALUES ('62503', 1, 'hist.var-evection', NULL, 0xACED00057372001E636F6D2E69746865696D612E64656D6F2E706F6A6F2E4576656374696F6E8F0589E38D60E7DB0200074C0009626567696E446174657400104C6A6176612F7574696C2F446174653B4C000B64657374696E6174696F6E7400124C6A6176612F6C616E672F537472696E673B4C0007656E644461746571007E00014C000C6576656374696F6E4E616D6571007E00024C000269647400104C6A6176612F6C616E672F4C6F6E673B4C00036E756D7400124C6A6176612F6C616E672F446F75626C653B4C00057265736F6E71007E000278707070707070737200106A6176612E6C616E672E446F75626C6580B3C24A296BFB0402000144000576616C7565787200106A6176612E6C616E672E4E756D62657286AC951D0B94E08B0200007870400000000000000070, NULL);
INSERT INTO `ACT_GE_BYTEARRAY` VALUES ('67502', 1, 'bpmn/evection-candidate.bpmn', '67501', 0x3C3F786D6C2076657273696F6E3D22312E302220656E636F64696E673D225554462D3822207374616E64616C6F6E653D22796573223F3E0D0A3C646566696E6974696F6E7320786D6C6E733D22687474703A2F2F7777772E6F6D672E6F72672F737065632F42504D4E2F32303130303532342F4D4F44454C2220786D6C6E733A61637469766974693D22687474703A2F2F61637469766974692E6F72672F62706D6E2220786D6C6E733A62706D6E64693D22687474703A2F2F7777772E6F6D672E6F72672F737065632F42504D4E2F32303130303532342F44492220786D6C6E733A6F6D6764633D22687474703A2F2F7777772E6F6D672E6F72672F737065632F44442F32303130303532342F44432220786D6C6E733A6F6D6764693D22687474703A2F2F7777772E6F6D672E6F72672F737065632F44442F32303130303532342F44492220786D6C6E733A746E733D22687474703A2F2F7777772E61637469766974692E6F72672F746573742220786D6C6E733A7873643D22687474703A2F2F7777772E77332E6F72672F323030312F584D4C536368656D612220786D6C6E733A7873693D22687474703A2F2F7777772E77332E6F72672F323030312F584D4C536368656D612D696E7374616E6365222065787072657373696F6E4C616E67756167653D22687474703A2F2F7777772E77332E6F72672F313939392F5850617468222069643D226D3135383634323932383733373322206E616D653D2222207461726765744E616D6573706163653D22687474703A2F2F7777772E61637469766974692E6F72672F746573742220747970654C616E67756167653D22687474703A2F2F7777772E77332E6F72672F323030312F584D4C536368656D61223E0D0A20203C70726F636573732069643D227465737443616E64696461746522206973436C6F7365643D2266616C73652220697345786563757461626C653D227472756522206E616D653D22E587BAE5B7AEE794B3E8AFB72DE58099E98089E4BABA222070726F63657373547970653D224E6F6E65223E0D0A202020203C73746172744576656E742069643D225F3222206E616D653D2253746172744576656E74222F3E0D0A202020203C757365725461736B2061637469766974693A61737369676E65653D22E6B1A4E5A786222061637469766974693A6578636C75736976653D2274727565222069643D225F3322206E616D653D22E5889BE5BBBAE587BAE5B7AEE794B3E8AFB7222F3E0D0A202020203C757365725461736B2061637469766974693A63616E64696461746555736572733D226C6973692C77616E677775222061637469766974693A6578636C75736976653D2274727565222069643D225F3422206E616D653D22E983A8E997A8E7BB8FE79086E5AEA1E689B9222F3E0D0A202020203C757365725461736B2061637469766974693A61737369676E65653D22E78E8BE680BBE7BB8FE79086222061637469766974693A6578636C75736976653D2274727565222069643D225F3522206E616D653D22E680BBE7BB8FE79086E5AEA1E689B9222F3E0D0A202020203C757365725461736B2061637469766974693A61737369676E65653D22E5BCA0E8B4A2E58AA1222061637469766974693A6578636C75736976653D2274727565222069643D225F3622206E616D653D22E8B4A2E58AA1E5AEA1E689B9222F3E0D0A202020203C656E644576656E742069643D225F3722206E616D653D22456E644576656E74222F3E0D0A202020203C73657175656E6365466C6F772069643D225F382220736F757263655265663D225F3222207461726765745265663D225F33222F3E0D0A202020203C73657175656E6365466C6F772069643D225F392220736F757263655265663D225F3322207461726765745265663D225F34222F3E0D0A202020203C73657175656E6365466C6F772069643D225F31302220736F757263655265663D225F3422207461726765745265663D225F35222F3E0D0A202020203C73657175656E6365466C6F772069643D225F31312220736F757263655265663D225F3522207461726765745265663D225F36222F3E0D0A202020203C73657175656E6365466C6F772069643D225F31322220736F757263655265663D225F3622207461726765745265663D225F37222F3E0D0A20203C2F70726F636573733E0D0A20203C62706D6E64693A42504D4E4469616772616D20646F63756D656E746174696F6E3D226261636B67726F756E643D234646464646463B636F756E743D313B686F72697A6F6E74616C636F756E743D313B6F7269656E746174696F6E3D303B77696474683D3834322E343B6865696768743D313139352E323B696D61676561626C6557696474683D3833322E343B696D61676561626C654865696768743D313138352E323B696D61676561626C65583D352E303B696D61676561626C65593D352E30222069643D224469616772616D2D5F3122206E616D653D224E6577204469616772616D223E0D0A202020203C62706D6E64693A42504D4E506C616E652062706D6E456C656D656E743D227465737443616E646964617465223E0D0A2020202020203C62706D6E64693A42504D4E53686170652062706D6E456C656D656E743D225F32222069643D2253686170652D5F32223E0D0A20202020202020203C6F6D6764633A426F756E6473206865696768743D2233322E30222077696474683D2233322E302220783D223334302E302220793D2233302E30222F3E0D0A20202020202020203C62706D6E64693A42504D4E4C6162656C3E0D0A202020202020202020203C6F6D6764633A426F756E6473206865696768743D2233322E30222077696474683D2233322E302220783D22302E302220793D22302E30222F3E0D0A20202020202020203C2F62706D6E64693A42504D4E4C6162656C3E0D0A2020202020203C2F62706D6E64693A42504D4E53686170653E0D0A2020202020203C62706D6E64693A42504D4E53686170652062706D6E456C656D656E743D225F33222069643D2253686170652D5F33223E0D0A20202020202020203C6F6D6764633A426F756E6473206865696768743D2235352E30222077696474683D2238352E302220783D223332352E302220793D223132352E30222F3E0D0A20202020202020203C62706D6E64693A42504D4E4C6162656C3E0D0A202020202020202020203C6F6D6764633A426F756E6473206865696768743D2235352E30222077696474683D2238352E302220783D22302E302220793D22302E30222F3E0D0A20202020202020203C2F62706D6E64693A42504D4E4C6162656C3E0D0A2020202020203C2F62706D6E64693A42504D4E53686170653E0D0A2020202020203C62706D6E64693A42504D4E53686170652062706D6E456C656D656E743D225F34222069643D2253686170652D5F34223E0D0A20202020202020203C6F6D6764633A426F756E6473206865696768743D2235352E30222077696474683D2238352E302220783D223332352E302220793D223232352E30222F3E0D0A20202020202020203C62706D6E64693A42504D4E4C6162656C3E0D0A202020202020202020203C6F6D6764633A426F756E6473206865696768743D2235352E30222077696474683D2238352E302220783D22302E302220793D22302E30222F3E0D0A20202020202020203C2F62706D6E64693A42504D4E4C6162656C3E0D0A2020202020203C2F62706D6E64693A42504D4E53686170653E0D0A2020202020203C62706D6E64693A42504D4E53686170652062706D6E456C656D656E743D225F35222069643D2253686170652D5F35223E0D0A20202020202020203C6F6D6764633A426F756E6473206865696768743D2235352E30222077696474683D2238352E302220783D223332352E302220793D223331352E30222F3E0D0A20202020202020203C62706D6E64693A42504D4E4C6162656C3E0D0A202020202020202020203C6F6D6764633A426F756E6473206865696768743D2235352E30222077696474683D2238352E302220783D22302E302220793D22302E30222F3E0D0A20202020202020203C2F62706D6E64693A42504D4E4C6162656C3E0D0A2020202020203C2F62706D6E64693A42504D4E53686170653E0D0A2020202020203C62706D6E64693A42504D4E53686170652062706D6E456C656D656E743D225F36222069643D2253686170652D5F36223E0D0A20202020202020203C6F6D6764633A426F756E6473206865696768743D2235352E30222077696474683D2238352E302220783D223332352E302220793D223430302E30222F3E0D0A20202020202020203C62706D6E64693A42504D4E4C6162656C3E0D0A202020202020202020203C6F6D6764633A426F756E6473206865696768743D2235352E30222077696474683D2238352E302220783D22302E302220793D22302E30222F3E0D0A20202020202020203C2F62706D6E64693A42504D4E4C6162656C3E0D0A2020202020203C2F62706D6E64693A42504D4E53686170653E0D0A2020202020203C62706D6E64693A42504D4E53686170652062706D6E456C656D656E743D225F37222069643D2253686170652D5F37223E0D0A20202020202020203C6F6D6764633A426F756E6473206865696768743D2233322E30222077696474683D2233322E302220783D223335352E302220793D223438352E30222F3E0D0A20202020202020203C62706D6E64693A42504D4E4C6162656C3E0D0A202020202020202020203C6F6D6764633A426F756E6473206865696768743D2233322E30222077696474683D2233322E302220783D22302E302220793D22302E30222F3E0D0A20202020202020203C2F62706D6E64693A42504D4E4C6162656C3E0D0A2020202020203C2F62706D6E64693A42504D4E53686170653E0D0A2020202020203C62706D6E64693A42504D4E456467652062706D6E456C656D656E743D225F3132222069643D2242504D4E456467655F5F31322220736F75726365456C656D656E743D225F362220746172676574456C656D656E743D225F37223E0D0A20202020202020203C6F6D6764693A776179706F696E7420783D223337312E302220793D223435352E30222F3E0D0A20202020202020203C6F6D6764693A776179706F696E7420783D223337312E302220793D223438352E30222F3E0D0A20202020202020203C62706D6E64693A42504D4E4C6162656C3E0D0A202020202020202020203C6F6D6764633A426F756E6473206865696768743D22302E30222077696474683D22302E302220783D22302E302220793D22302E30222F3E0D0A20202020202020203C2F62706D6E64693A42504D4E4C6162656C3E0D0A2020202020203C2F62706D6E64693A42504D4E456467653E0D0A2020202020203C62706D6E64693A42504D4E456467652062706D6E456C656D656E743D225F38222069643D2242504D4E456467655F5F382220736F75726365456C656D656E743D225F322220746172676574456C656D656E743D225F33223E0D0A20202020202020203C6F6D6764693A776179706F696E7420783D223335362E302220793D2236322E30222F3E0D0A20202020202020203C6F6D6764693A776179706F696E7420783D223335362E302220793D223132352E30222F3E0D0A20202020202020203C62706D6E64693A42504D4E4C6162656C3E0D0A202020202020202020203C6F6D6764633A426F756E6473206865696768743D22302E30222077696474683D22302E302220783D22302E302220793D22302E30222F3E0D0A20202020202020203C2F62706D6E64693A42504D4E4C6162656C3E0D0A2020202020203C2F62706D6E64693A42504D4E456467653E0D0A2020202020203C62706D6E64693A42504D4E456467652062706D6E456C656D656E743D225F39222069643D2242504D4E456467655F5F392220736F75726365456C656D656E743D225F332220746172676574456C656D656E743D225F34223E0D0A20202020202020203C6F6D6764693A776179706F696E7420783D223336372E352220793D223138302E30222F3E0D0A20202020202020203C6F6D6764693A776179706F696E7420783D223336372E352220793D223232352E30222F3E0D0A20202020202020203C62706D6E64693A42504D4E4C6162656C3E0D0A202020202020202020203C6F6D6764633A426F756E6473206865696768743D22302E30222077696474683D22302E302220783D22302E302220793D22302E30222F3E0D0A20202020202020203C2F62706D6E64693A42504D4E4C6162656C3E0D0A2020202020203C2F62706D6E64693A42504D4E456467653E0D0A2020202020203C62706D6E64693A42504D4E456467652062706D6E456C656D656E743D225F3131222069643D2242504D4E456467655F5F31312220736F75726365456C656D656E743D225F352220746172676574456C656D656E743D225F36223E0D0A20202020202020203C6F6D6764693A776179706F696E7420783D223336372E352220793D223337302E30222F3E0D0A20202020202020203C6F6D6764693A776179706F696E7420783D223336372E352220793D223430302E30222F3E0D0A20202020202020203C62706D6E64693A42504D4E4C6162656C3E0D0A202020202020202020203C6F6D6764633A426F756E6473206865696768743D22302E30222077696474683D22302E302220783D22302E302220793D22302E30222F3E0D0A20202020202020203C2F62706D6E64693A42504D4E4C6162656C3E0D0A2020202020203C2F62706D6E64693A42504D4E456467653E0D0A2020202020203C62706D6E64693A42504D4E456467652062706D6E456C656D656E743D225F3130222069643D2242504D4E456467655F5F31302220736F75726365456C656D656E743D225F342220746172676574456C656D656E743D225F35223E0D0A20202020202020203C6F6D6764693A776179706F696E7420783D223336372E352220793D223238302E30222F3E0D0A20202020202020203C6F6D6764693A776179706F696E7420783D223336372E352220793D223331352E30222F3E0D0A20202020202020203C62706D6E64693A42504D4E4C6162656C3E0D0A202020202020202020203C6F6D6764633A426F756E6473206865696768743D22302E30222077696474683D22302E302220783D22302E302220793D22302E30222F3E0D0A20202020202020203C2F62706D6E64693A42504D4E4C6162656C3E0D0A2020202020203C2F62706D6E64693A42504D4E456467653E0D0A202020203C2F62706D6E64693A42504D4E506C616E653E0D0A20203C2F62706D6E64693A42504D4E4469616772616D3E0D0A3C2F646566696E6974696F6E733E0D0A, 0);
INSERT INTO `ACT_GE_BYTEARRAY` VALUES ('77502', 1, 'bpmn/evection-exclusive.bpmn', '77501', 0x3C3F786D6C2076657273696F6E3D22312E302220656E636F64696E673D225554462D3822207374616E64616C6F6E653D22796573223F3E0D0A3C646566696E6974696F6E7320786D6C6E733D22687474703A2F2F7777772E6F6D672E6F72672F737065632F42504D4E2F32303130303532342F4D4F44454C2220786D6C6E733A61637469766974693D22687474703A2F2F61637469766974692E6F72672F62706D6E2220786D6C6E733A62706D6E64693D22687474703A2F2F7777772E6F6D672E6F72672F737065632F42504D4E2F32303130303532342F44492220786D6C6E733A6F6D6764633D22687474703A2F2F7777772E6F6D672E6F72672F737065632F44442F32303130303532342F44432220786D6C6E733A6F6D6764693D22687474703A2F2F7777772E6F6D672E6F72672F737065632F44442F32303130303532342F44492220786D6C6E733A746E733D22687474703A2F2F7777772E61637469766974692E6F72672F746573742220786D6C6E733A7873643D22687474703A2F2F7777772E77332E6F72672F323030312F584D4C536368656D612220786D6C6E733A7873693D22687474703A2F2F7777772E77332E6F72672F323030312F584D4C536368656D612D696E7374616E6365222065787072657373696F6E4C616E67756167653D22687474703A2F2F7777772E77332E6F72672F313939392F5850617468222069643D226D3135373735303432383430323922206E616D653D2222207461726765744E616D6573706163653D22687474703A2F2F7777772E61637469766974692E6F72672F746573742220747970654C616E67756167653D22687474703A2F2F7777772E77332E6F72672F323030312F584D4C536368656D61223E0D0A20203C70726F636573732069643D226578636C757369766522206973436C6F7365643D2266616C73652220697345786563757461626C653D227472756522206E616D653D22E587BAE5B7AEE6B581E7A88B2DE68E92E4BB96222070726F63657373547970653D224E6F6E65223E0D0A202020203C73746172744576656E742069643D225F3222206E616D653D2253746172744576656E74222F3E0D0A202020203C757365725461736B2061637469766974693A61737369676E65653D22746F6D222061637469766974693A6578636C75736976653D2274727565222069643D225F3322206E616D653D22E5A1ABE58699E587BAE5B7AEE58D95222F3E0D0A202020203C73657175656E6365466C6F772069643D225F342220736F757263655265663D225F3222207461726765745265663D225F33222F3E0D0A202020203C757365725461736B2061637469766974693A61737369676E65653D226A65727279222061637469766974693A6578636C75736976653D2274727565222069643D225F3522206E616D653D22E983A8E997A8E7BB8FE79086E5AEA1E689B9222F3E0D0A202020203C73657175656E6365466C6F772069643D225F362220736F757263655265663D225F3322207461726765745265663D225F35222F3E0D0A202020203C757365725461736B2061637469766974693A61737369676E65653D226A61636B222061637469766974693A6578636C75736976653D2274727565222069643D225F3722206E616D653D22E680BBE7BB8FE79086E5AEA1E689B9222F3E0D0A202020203C757365725461736B2061637469766974693A61737369676E65653D22726F7365222061637469766974693A6578636C75736976653D2274727565222069643D225F3922206E616D653D22E8B4A2E58AA1E5AEA1E689B9222F3E0D0A202020203C73657175656E6365466C6F772069643D225F31312220736F757263655265663D225F3722207461726765745265663D225F39222F3E0D0A202020203C656E644576656E742069643D225F313222206E616D653D22456E644576656E74222F3E0D0A202020203C73657175656E6365466C6F772069643D225F31332220736F757263655265663D225F3922207461726765745265663D225F3132222F3E0D0A202020203C6578636C7573697665476174657761792067617465776179446972656374696F6E3D22556E737065636966696564222069643D225F313422206E616D653D22E587BAE5B7AEE5A4A9E695B0E588A4E696AD222F3E0D0A202020203C73657175656E6365466C6F772069643D225F31352220736F757263655265663D225F3522207461726765745265663D225F3134222F3E0D0A202020203C73657175656E6365466C6F772069643D225F313622206E616D653D22E587BAE5B7AEE5A4A9E695B0E7AD89E4BA8E33E5A4A92220736F757263655265663D225F313422207461726765745265663D225F37223E0D0A2020202020203C636F6E646974696F6E45787072657373696F6E207873693A747970653D2274466F726D616C45787072657373696F6E223E3C215B43444154415B247B6576656374696F6E2E6E756D3E3D337D5D5D3E3C2F636F6E646974696F6E45787072657373696F6E3E0D0A202020203C2F73657175656E6365466C6F773E0D0A202020203C73657175656E6365466C6F772069643D225F3822206E616D653D22E587BAE5B7AEE5A4A9E695B0E5B08FE4BA8E33E5A4A92220736F757263655265663D225F313422207461726765745265663D225F39223E0D0A2020202020203C636F6E646974696F6E45787072657373696F6E207873693A747970653D2274466F726D616C45787072657373696F6E223E3C215B43444154415B247B6576656374696F6E2E6E756D3C337D5D5D3E3C2F636F6E646974696F6E45787072657373696F6E3E0D0A202020203C2F73657175656E6365466C6F773E0D0A20203C2F70726F636573733E0D0A20203C62706D6E64693A42504D4E4469616772616D20646F63756D656E746174696F6E3D226261636B67726F756E643D234646464646463B636F756E743D313B686F72697A6F6E74616C636F756E743D313B6F7269656E746174696F6E3D303B77696474683D3834322E343B6865696768743D313139352E323B696D61676561626C6557696474683D3833322E343B696D61676561626C654865696768743D313138352E323B696D61676561626C65583D352E303B696D61676561626C65593D352E30222069643D224469616772616D2D5F3122206E616D653D224E6577204469616772616D223E0D0A202020203C62706D6E64693A42504D4E506C616E652062706D6E456C656D656E743D226578636C7573697665223E0D0A2020202020203C62706D6E64693A42504D4E53686170652062706D6E456C656D656E743D225F32222069643D2253686170652D5F32223E0D0A20202020202020203C6F6D6764633A426F756E6473206865696768743D2233322E30222077696474683D2233322E302220783D2235352E302220793D223130302E30222F3E0D0A20202020202020203C62706D6E64693A42504D4E4C6162656C3E0D0A202020202020202020203C6F6D6764633A426F756E6473206865696768743D2233322E30222077696474683D2233322E302220783D22302E302220793D22302E30222F3E0D0A20202020202020203C2F62706D6E64693A42504D4E4C6162656C3E0D0A2020202020203C2F62706D6E64693A42504D4E53686170653E0D0A2020202020203C62706D6E64693A42504D4E53686170652062706D6E456C656D656E743D225F33222069643D2253686170652D5F33223E0D0A20202020202020203C6F6D6764633A426F756E6473206865696768743D2235352E30222077696474683D2238352E302220783D223135302E302220793D2239302E30222F3E0D0A20202020202020203C62706D6E64693A42504D4E4C6162656C3E0D0A202020202020202020203C6F6D6764633A426F756E6473206865696768743D2235352E30222077696474683D2238352E302220783D22302E302220793D22302E30222F3E0D0A20202020202020203C2F62706D6E64693A42504D4E4C6162656C3E0D0A2020202020203C2F62706D6E64693A42504D4E53686170653E0D0A2020202020203C62706D6E64693A42504D4E53686170652062706D6E456C656D656E743D225F35222069643D2253686170652D5F35223E0D0A20202020202020203C6F6D6764633A426F756E6473206865696768743D2235352E30222077696474683D2238352E302220783D223331352E302220793D2239302E30222F3E0D0A20202020202020203C62706D6E64693A42504D4E4C6162656C3E0D0A202020202020202020203C6F6D6764633A426F756E6473206865696768743D2235352E30222077696474683D2238352E302220783D22302E302220793D22302E30222F3E0D0A20202020202020203C2F62706D6E64693A42504D4E4C6162656C3E0D0A2020202020203C2F62706D6E64693A42504D4E53686170653E0D0A2020202020203C62706D6E64693A42504D4E53686170652062706D6E456C656D656E743D225F37222069643D2253686170652D5F37223E0D0A20202020202020203C6F6D6764633A426F756E6473206865696768743D2235352E30222077696474683D2238352E302220783D223632302E302220793D223133352E30222F3E0D0A20202020202020203C62706D6E64693A42504D4E4C6162656C3E0D0A202020202020202020203C6F6D6764633A426F756E6473206865696768743D2235352E30222077696474683D2238352E302220783D22302E302220793D22302E30222F3E0D0A20202020202020203C2F62706D6E64693A42504D4E4C6162656C3E0D0A2020202020203C2F62706D6E64693A42504D4E53686170653E0D0A2020202020203C62706D6E64693A42504D4E53686170652062706D6E456C656D656E743D225F39222069643D2253686170652D5F39223E0D0A20202020202020203C6F6D6764633A426F756E6473206865696768743D2235352E30222077696474683D2238352E302220783D223632302E302220793D223330302E30222F3E0D0A20202020202020203C62706D6E64693A42504D4E4C6162656C3E0D0A202020202020202020203C6F6D6764633A426F756E6473206865696768743D2235352E30222077696474683D2238352E302220783D22302E302220793D22302E30222F3E0D0A20202020202020203C2F62706D6E64693A42504D4E4C6162656C3E0D0A2020202020203C2F62706D6E64693A42504D4E53686170653E0D0A2020202020203C62706D6E64693A42504D4E53686170652062706D6E456C656D656E743D225F3132222069643D2253686170652D5F3132223E0D0A20202020202020203C6F6D6764633A426F756E6473206865696768743D2233322E30222077696474683D2233322E302220783D223830352E302220793D223331302E30222F3E0D0A20202020202020203C62706D6E64693A42504D4E4C6162656C3E0D0A202020202020202020203C6F6D6764633A426F756E6473206865696768743D2233322E30222077696474683D2233322E302220783D22302E302220793D22302E30222F3E0D0A20202020202020203C2F62706D6E64693A42504D4E4C6162656C3E0D0A2020202020203C2F62706D6E64693A42504D4E53686170653E0D0A2020202020203C62706D6E64693A42504D4E53686170652062706D6E456C656D656E743D225F3134222069643D2253686170652D5F3134222069734D61726B657256697369626C653D2266616C7365223E0D0A20202020202020203C6F6D6764633A426F756E6473206865696768743D2233322E30222077696474683D2233322E302220783D223334352E302220793D223230352E30222F3E0D0A20202020202020203C62706D6E64693A42504D4E4C6162656C3E0D0A202020202020202020203C6F6D6764633A426F756E6473206865696768743D2233322E30222077696474683D2233322E302220783D22302E302220793D22302E30222F3E0D0A20202020202020203C2F62706D6E64693A42504D4E4C6162656C3E0D0A2020202020203C2F62706D6E64693A42504D4E53686170653E0D0A2020202020203C62706D6E64693A42504D4E456467652062706D6E456C656D656E743D225F3133222069643D2242504D4E456467655F5F31332220736F75726365456C656D656E743D225F392220746172676574456C656D656E743D225F3132223E0D0A20202020202020203C6F6D6764693A776179706F696E7420783D223730352E302220793D223332372E35222F3E0D0A20202020202020203C6F6D6764693A776179706F696E7420783D223830352E302220793D223332362E30222F3E0D0A20202020202020203C62706D6E64693A42504D4E4C6162656C3E0D0A202020202020202020203C6F6D6764633A426F756E6473206865696768743D22302E30222077696474683D22302E302220783D22302E302220793D22302E30222F3E0D0A20202020202020203C2F62706D6E64693A42504D4E4C6162656C3E0D0A2020202020203C2F62706D6E64693A42504D4E456467653E0D0A2020202020203C62706D6E64693A42504D4E456467652062706D6E456C656D656E743D225F3135222069643D2242504D4E456467655F5F31352220736F75726365456C656D656E743D225F352220746172676574456C656D656E743D225F3134223E0D0A20202020202020203C6F6D6764693A776179706F696E7420783D223336312E302220793D223134352E30222F3E0D0A20202020202020203C6F6D6764693A776179706F696E7420783D223336312E302220793D223230352E30222F3E0D0A20202020202020203C62706D6E64693A42504D4E4C6162656C3E0D0A202020202020202020203C6F6D6764633A426F756E6473206865696768743D22302E30222077696474683D22302E302220783D22302E302220793D22302E30222F3E0D0A20202020202020203C2F62706D6E64693A42504D4E4C6162656C3E0D0A2020202020203C2F62706D6E64693A42504D4E456467653E0D0A2020202020203C62706D6E64693A42504D4E456467652062706D6E456C656D656E743D225F3136222069643D2242504D4E456467655F5F31362220736F75726365456C656D656E743D225F31342220746172676574456C656D656E743D225F37223E0D0A20202020202020203C6F6D6764693A776179706F696E7420783D223337372E302220793D223232312E30222F3E0D0A20202020202020203C6F6D6764693A776179706F696E7420783D223632302E302220793D223136322E35222F3E0D0A20202020202020203C62706D6E64693A42504D4E4C6162656C3E0D0A202020202020202020203C6F6D6764633A426F756E6473206865696768743D22302E30222077696474683D22302E302220783D22302E302220793D22302E30222F3E0D0A20202020202020203C2F62706D6E64693A42504D4E4C6162656C3E0D0A2020202020203C2F62706D6E64693A42504D4E456467653E0D0A2020202020203C62706D6E64693A42504D4E456467652062706D6E456C656D656E743D225F34222069643D2242504D4E456467655F5F342220736F75726365456C656D656E743D225F322220746172676574456C656D656E743D225F33223E0D0A20202020202020203C6F6D6764693A776179706F696E7420783D2238372E302220793D223131362E30222F3E0D0A20202020202020203C6F6D6764693A776179706F696E7420783D223135302E302220793D223131372E35222F3E0D0A20202020202020203C62706D6E64693A42504D4E4C6162656C3E0D0A202020202020202020203C6F6D6764633A426F756E6473206865696768743D22302E30222077696474683D22302E302220783D22302E302220793D22302E30222F3E0D0A20202020202020203C2F62706D6E64693A42504D4E4C6162656C3E0D0A2020202020203C2F62706D6E64693A42504D4E456467653E0D0A2020202020203C62706D6E64693A42504D4E456467652062706D6E456C656D656E743D225F36222069643D2242504D4E456467655F5F362220736F75726365456C656D656E743D225F332220746172676574456C656D656E743D225F35223E0D0A20202020202020203C6F6D6764693A776179706F696E7420783D223233352E302220793D223131372E35222F3E0D0A20202020202020203C6F6D6764693A776179706F696E7420783D223331352E302220793D223131372E35222F3E0D0A20202020202020203C62706D6E64693A42504D4E4C6162656C3E0D0A202020202020202020203C6F6D6764633A426F756E6473206865696768743D22302E30222077696474683D22302E302220783D22302E302220793D22302E30222F3E0D0A20202020202020203C2F62706D6E64693A42504D4E4C6162656C3E0D0A2020202020203C2F62706D6E64693A42504D4E456467653E0D0A2020202020203C62706D6E64693A42504D4E456467652062706D6E456C656D656E743D225F38222069643D2242504D4E456467655F5F382220736F75726365456C656D656E743D225F31342220746172676574456C656D656E743D225F39223E0D0A20202020202020203C6F6D6764693A776179706F696E7420783D223337372E302220793D223232312E30222F3E0D0A20202020202020203C6F6D6764693A776179706F696E7420783D223632302E302220793D223332372E35222F3E0D0A20202020202020203C62706D6E64693A42504D4E4C6162656C3E0D0A202020202020202020203C6F6D6764633A426F756E6473206865696768743D22302E30222077696474683D22302E302220783D22302E302220793D22302E30222F3E0D0A20202020202020203C2F62706D6E64693A42504D4E4C6162656C3E0D0A2020202020203C2F62706D6E64693A42504D4E456467653E0D0A2020202020203C62706D6E64693A42504D4E456467652062706D6E456C656D656E743D225F3131222069643D2242504D4E456467655F5F31312220736F75726365456C656D656E743D225F372220746172676574456C656D656E743D225F39223E0D0A20202020202020203C6F6D6764693A776179706F696E7420783D223636322E352220793D223139302E30222F3E0D0A20202020202020203C6F6D6764693A776179706F696E7420783D223636322E352220793D223330302E30222F3E0D0A20202020202020203C62706D6E64693A42504D4E4C6162656C3E0D0A202020202020202020203C6F6D6764633A426F756E6473206865696768743D22302E30222077696474683D22302E302220783D22302E302220793D22302E30222F3E0D0A20202020202020203C2F62706D6E64693A42504D4E4C6162656C3E0D0A2020202020203C2F62706D6E64693A42504D4E456467653E0D0A202020203C2F62706D6E64693A42504D4E506C616E653E0D0A20203C2F62706D6E64693A42504D4E4469616772616D3E0D0A3C2F646566696E6974696F6E733E0D0A, 0);
INSERT INTO `ACT_GE_BYTEARRAY` VALUES ('80002', 1, 'var-evection', NULL, 0xACED00057372001E636F6D2E69746865696D612E64656D6F2E706F6A6F2E4576656374696F6E8F0589E38D60E7DB0200074C0009626567696E446174657400104C6A6176612F7574696C2F446174653B4C000B64657374696E6174696F6E7400124C6A6176612F6C616E672F537472696E673B4C0007656E644461746571007E00014C000C6576656374696F6E4E616D6571007E00024C000269647400104C6A6176612F6C616E672F4C6F6E673B4C00036E756D7400124C6A6176612F6C616E672F446F75626C653B4C00057265736F6E71007E000278707070707070737200106A6176612E6C616E672E446F75626C6580B3C24A296BFB0402000144000576616C7565787200106A6176612E6C616E672E4E756D62657286AC951D0B94E08B0200007870400000000000000070, NULL);
INSERT INTO `ACT_GE_BYTEARRAY` VALUES ('80004', 1, 'hist.var-evection', NULL, 0xACED00057372001E636F6D2E69746865696D612E64656D6F2E706F6A6F2E4576656374696F6E8F0589E38D60E7DB0200074C0009626567696E446174657400104C6A6176612F7574696C2F446174653B4C000B64657374696E6174696F6E7400124C6A6176612F6C616E672F537472696E673B4C0007656E644461746571007E00014C000C6576656374696F6E4E616D6571007E00024C000269647400104C6A6176612F6C616E672F4C6F6E673B4C00036E756D7400124C6A6176612F6C616E672F446F75626C653B4C00057265736F6E71007E000278707070707070737200106A6176612E6C616E672E446F75626C6580B3C24A296BFB0402000144000576616C7565787200106A6176612E6C616E672E4E756D62657286AC951D0B94E08B0200007870400000000000000070, NULL);
INSERT INTO `ACT_GE_BYTEARRAY` VALUES ('82502', 1, 'bpmn/evection-parallel.bpmn', '82501', 0x3C3F786D6C2076657273696F6E3D22312E302220656E636F64696E673D225554462D3822207374616E64616C6F6E653D22796573223F3E0D0A3C646566696E6974696F6E7320786D6C6E733D22687474703A2F2F7777772E6F6D672E6F72672F737065632F42504D4E2F32303130303532342F4D4F44454C2220786D6C6E733A61637469766974693D22687474703A2F2F61637469766974692E6F72672F62706D6E2220786D6C6E733A62706D6E64693D22687474703A2F2F7777772E6F6D672E6F72672F737065632F42504D4E2F32303130303532342F44492220786D6C6E733A6F6D6764633D22687474703A2F2F7777772E6F6D672E6F72672F737065632F44442F32303130303532342F44432220786D6C6E733A6F6D6764693D22687474703A2F2F7777772E6F6D672E6F72672F737065632F44442F32303130303532342F44492220786D6C6E733A746E733D22687474703A2F2F7777772E61637469766974692E6F72672F746573742220786D6C6E733A7873643D22687474703A2F2F7777772E77332E6F72672F323030312F584D4C536368656D612220786D6C6E733A7873693D22687474703A2F2F7777772E77332E6F72672F323030312F584D4C536368656D612D696E7374616E6365222065787072657373696F6E4C616E67756167653D22687474703A2F2F7777772E77332E6F72672F313939392F5850617468222069643D226D3135383636383438373034313322206E616D653D2222207461726765744E616D6573706163653D22687474703A2F2F7777772E61637469766974692E6F72672F746573742220747970654C616E67756167653D22687474703A2F2F7777772E77332E6F72672F323030312F584D4C536368656D61223E0D0A20203C70726F636573732069643D22706172616C6C656C22206973436C6F7365643D2266616C73652220697345786563757461626C653D227472756522206E616D653D22E587BAE5B7AEE794B3E8AFB72DE5B9B6E8A18CE7BD91E585B3222070726F63657373547970653D224E6F6E65223E0D0A202020203C73746172744576656E742069643D225F3222206E616D653D2253746172744576656E74222F3E0D0A202020203C757365725461736B2061637469766974693A61737369676E65653D22746F6D222061637469766974693A6578636C75736976653D2274727565222069643D225F3322206E616D653D22E5889BE5BBBAE587BAE5B7AEE794B3E8AFB7222F3E0D0A202020203C706172616C6C656C476174657761792067617465776179446972656374696F6E3D22556E737065636966696564222069643D225F3422206E616D653D22506172616C6C656C47617465776179222F3E0D0A202020203C73657175656E6365466C6F772069643D225F352220736F757263655265663D225F3322207461726765745265663D225F34222F3E0D0A202020203C73657175656E6365466C6F772069643D225F362220736F757263655265663D225F3222207461726765745265663D225F33222F3E0D0A202020203C757365725461736B2061637469766974693A61737369676E65653D226A65727279222061637469766974693A6578636C75736976653D2274727565222069643D225F3722206E616D653D22E68A80E69CAFE7BB8FE79086E5AEA1E689B9222F3E0D0A202020203C757365725461736B2061637469766974693A61737369676E65653D226A61636B222061637469766974693A6578636C75736976653D2274727565222069643D225F3822206E616D653D22E9A1B9E79BAEE7BB8FE79086E5AEA1E689B9222F3E0D0A202020203C73657175656E6365466C6F772069643D225F392220736F757263655265663D225F3422207461726765745265663D225F37223E0D0A2020202020203C636F6E646974696F6E45787072657373696F6E207873693A747970653D2274466F726D616C45787072657373696F6E223E3C215B43444154415B247B6576656374696F6E2E6E756D3E3D337D5D5D3E3C2F636F6E646974696F6E45787072657373696F6E3E0D0A202020203C2F73657175656E6365466C6F773E0D0A202020203C73657175656E6365466C6F772069643D225F31302220736F757263655265663D225F3422207461726765745265663D225F38223E0D0A2020202020203C636F6E646974696F6E45787072657373696F6E207873693A747970653D2274466F726D616C45787072657373696F6E223E3C215B43444154415B247B6576656374696F6E2E6E756D3C337D5D5D3E3C2F636F6E646974696F6E45787072657373696F6E3E0D0A202020203C2F73657175656E6365466C6F773E0D0A202020203C706172616C6C656C476174657761792067617465776179446972656374696F6E3D22556E737065636966696564222069643D225F313122206E616D653D22506172616C6C656C47617465776179222F3E0D0A202020203C73657175656E6365466C6F772069643D225F31322220736F757263655265663D225F3722207461726765745265663D225F3131222F3E0D0A202020203C73657175656E6365466C6F772069643D225F31332220736F757263655265663D225F3822207461726765745265663D225F3131222F3E0D0A202020203C6578636C7573697665476174657761792067617465776179446972656374696F6E3D22556E737065636966696564222069643D225F313422206E616D653D224578636C757369766547617465776179222F3E0D0A202020203C73657175656E6365466C6F772069643D225F31352220736F757263655265663D225F313122207461726765745265663D225F3134222F3E0D0A202020203C757365725461736B2061637469766974693A61737369676E65653D22726F7365222061637469766974693A6578636C75736976653D2274727565222069643D225F313622206E616D653D22E680BBE7BB8FE79086E5AEA1E689B9222F3E0D0A202020203C73657175656E6365466C6F772069643D225F31372220736F757263655265663D225F313422207461726765745265663D225F3136223E0D0A2020202020203C636F6E646974696F6E45787072657373696F6E207873693A747970653D2274466F726D616C45787072657373696F6E223E3C215B43444154415B247B6576656374696F6E2E6E756D3E3D337D5D5D3E3C2F636F6E646974696F6E45787072657373696F6E3E0D0A202020203C2F73657175656E6365466C6F773E0D0A202020203C656E644576656E742069643D225F313822206E616D653D22456E644576656E74222F3E0D0A202020203C73657175656E6365466C6F772069643D225F31392220736F757263655265663D225F313622207461726765745265663D225F3138222F3E0D0A202020203C73657175656E6365466C6F772069643D225F32302220736F757263655265663D225F313422207461726765745265663D225F3138223E0D0A2020202020203C636F6E646974696F6E45787072657373696F6E207873693A747970653D2274466F726D616C45787072657373696F6E223E3C215B43444154415B247B6576656374696F6E2E6E756D3C337D5D5D3E3C2F636F6E646974696F6E45787072657373696F6E3E0D0A202020203C2F73657175656E6365466C6F773E0D0A20203C2F70726F636573733E0D0A20203C62706D6E64693A42504D4E4469616772616D20646F63756D656E746174696F6E3D226261636B67726F756E643D234646464646463B636F756E743D313B686F72697A6F6E74616C636F756E743D313B6F7269656E746174696F6E3D303B77696474683D3834322E343B6865696768743D313139352E323B696D61676561626C6557696474683D3833322E343B696D61676561626C654865696768743D313138352E323B696D61676561626C65583D352E303B696D61676561626C65593D352E30222069643D224469616772616D2D5F3122206E616D653D224E6577204469616772616D223E0D0A202020203C62706D6E64693A42504D4E506C616E652062706D6E456C656D656E743D22706172616C6C656C223E0D0A2020202020203C62706D6E64693A42504D4E53686170652062706D6E456C656D656E743D225F32222069643D2253686170652D5F32223E0D0A20202020202020203C6F6D6764633A426F756E6473206865696768743D2233322E30222077696474683D2233322E302220783D2233302E302220793D223133302E30222F3E0D0A20202020202020203C62706D6E64693A42504D4E4C6162656C3E0D0A202020202020202020203C6F6D6764633A426F756E6473206865696768743D2233322E30222077696474683D2233322E302220783D22302E302220793D22302E30222F3E0D0A20202020202020203C2F62706D6E64693A42504D4E4C6162656C3E0D0A2020202020203C2F62706D6E64693A42504D4E53686170653E0D0A2020202020203C62706D6E64693A42504D4E53686170652062706D6E456C656D656E743D225F33222069643D2253686170652D5F33223E0D0A20202020202020203C6F6D6764633A426F756E6473206865696768743D2235352E30222077696474683D2238352E302220783D223132302E302220793D223132302E30222F3E0D0A20202020202020203C62706D6E64693A42504D4E4C6162656C3E0D0A202020202020202020203C6F6D6764633A426F756E6473206865696768743D2235352E30222077696474683D2238352E302220783D22302E302220793D22302E30222F3E0D0A20202020202020203C2F62706D6E64693A42504D4E4C6162656C3E0D0A2020202020203C2F62706D6E64693A42504D4E53686170653E0D0A2020202020203C62706D6E64693A42504D4E53686170652062706D6E456C656D656E743D225F34222069643D2253686170652D5F34223E0D0A20202020202020203C6F6D6764633A426F756E6473206865696768743D2233322E30222077696474683D2233322E302220783D223236352E302220793D223132352E30222F3E0D0A20202020202020203C62706D6E64693A42504D4E4C6162656C3E0D0A202020202020202020203C6F6D6764633A426F756E6473206865696768743D2233322E30222077696474683D2233322E302220783D22302E302220793D22302E30222F3E0D0A20202020202020203C2F62706D6E64693A42504D4E4C6162656C3E0D0A2020202020203C2F62706D6E64693A42504D4E53686170653E0D0A2020202020203C62706D6E64693A42504D4E53686170652062706D6E456C656D656E743D225F37222069643D2253686170652D5F37223E0D0A20202020202020203C6F6D6764633A426F756E6473206865696768743D2235352E30222077696474683D2238352E302220783D223337302E302220793D2238352E30222F3E0D0A20202020202020203C62706D6E64693A42504D4E4C6162656C3E0D0A202020202020202020203C6F6D6764633A426F756E6473206865696768743D2235352E30222077696474683D2238352E302220783D22302E302220793D22302E30222F3E0D0A20202020202020203C2F62706D6E64693A42504D4E4C6162656C3E0D0A2020202020203C2F62706D6E64693A42504D4E53686170653E0D0A2020202020203C62706D6E64693A42504D4E53686170652062706D6E456C656D656E743D225F38222069643D2253686170652D5F38223E0D0A20202020202020203C6F6D6764633A426F756E6473206865696768743D2235352E30222077696474683D2238352E302220783D223337302E302220793D223137352E30222F3E0D0A20202020202020203C62706D6E64693A42504D4E4C6162656C3E0D0A202020202020202020203C6F6D6764633A426F756E6473206865696768743D2235352E30222077696474683D2238352E302220783D22302E302220793D22302E30222F3E0D0A20202020202020203C2F62706D6E64693A42504D4E4C6162656C3E0D0A2020202020203C2F62706D6E64693A42504D4E53686170653E0D0A2020202020203C62706D6E64693A42504D4E53686170652062706D6E456C656D656E743D225F3131222069643D2253686170652D5F3131223E0D0A20202020202020203C6F6D6764633A426F756E6473206865696768743D2233322E30222077696474683D2233322E302220783D223532302E302220793D223133302E30222F3E0D0A20202020202020203C62706D6E64693A42504D4E4C6162656C3E0D0A202020202020202020203C6F6D6764633A426F756E6473206865696768743D2233322E30222077696474683D2233322E302220783D22302E302220793D22302E30222F3E0D0A20202020202020203C2F62706D6E64693A42504D4E4C6162656C3E0D0A2020202020203C2F62706D6E64693A42504D4E53686170653E0D0A2020202020203C62706D6E64693A42504D4E53686170652062706D6E456C656D656E743D225F3134222069643D2253686170652D5F3134222069734D61726B657256697369626C653D2266616C7365223E0D0A20202020202020203C6F6D6764633A426F756E6473206865696768743D2233322E30222077696474683D2233322E302220783D223532302E302220793D223232352E30222F3E0D0A20202020202020203C62706D6E64693A42504D4E4C6162656C3E0D0A202020202020202020203C6F6D6764633A426F756E6473206865696768743D2233322E30222077696474683D2233322E302220783D22302E302220793D22302E30222F3E0D0A20202020202020203C2F62706D6E64693A42504D4E4C6162656C3E0D0A2020202020203C2F62706D6E64693A42504D4E53686170653E0D0A2020202020203C62706D6E64693A42504D4E53686170652062706D6E456C656D656E743D225F3136222069643D2253686170652D5F3136223E0D0A20202020202020203C6F6D6764633A426F756E6473206865696768743D2235352E30222077696474683D2238352E302220783D223434352E302220793D223332352E30222F3E0D0A20202020202020203C62706D6E64693A42504D4E4C6162656C3E0D0A202020202020202020203C6F6D6764633A426F756E6473206865696768743D2235352E30222077696474683D2238352E302220783D22302E302220793D22302E30222F3E0D0A20202020202020203C2F62706D6E64693A42504D4E4C6162656C3E0D0A2020202020203C2F62706D6E64693A42504D4E53686170653E0D0A2020202020203C62706D6E64693A42504D4E53686170652062706D6E456C656D656E743D225F3138222069643D2253686170652D5F3138223E0D0A20202020202020203C6F6D6764633A426F756E6473206865696768743D2233322E30222077696474683D2233322E302220783D223532352E302220793D223436352E30222F3E0D0A20202020202020203C62706D6E64693A42504D4E4C6162656C3E0D0A202020202020202020203C6F6D6764633A426F756E6473206865696768743D2233322E30222077696474683D2233322E302220783D22302E302220793D22302E30222F3E0D0A20202020202020203C2F62706D6E64693A42504D4E4C6162656C3E0D0A2020202020203C2F62706D6E64693A42504D4E53686170653E0D0A2020202020203C62706D6E64693A42504D4E456467652062706D6E456C656D656E743D225F3133222069643D2242504D4E456467655F5F31332220736F75726365456C656D656E743D225F382220746172676574456C656D656E743D225F3131223E0D0A20202020202020203C6F6D6764693A776179706F696E7420783D223435352E302220793D223230322E35222F3E0D0A20202020202020203C6F6D6764693A776179706F696E7420783D223532302E302220793D223134362E30222F3E0D0A20202020202020203C62706D6E64693A42504D4E4C6162656C3E0D0A202020202020202020203C6F6D6764633A426F756E6473206865696768743D22302E30222077696474683D22302E302220783D22302E302220793D22302E30222F3E0D0A20202020202020203C2F62706D6E64693A42504D4E4C6162656C3E0D0A2020202020203C2F62706D6E64693A42504D4E456467653E0D0A2020202020203C62706D6E64693A42504D4E456467652062706D6E456C656D656E743D225F3132222069643D2242504D4E456467655F5F31322220736F75726365456C656D656E743D225F372220746172676574456C656D656E743D225F3131223E0D0A20202020202020203C6F6D6764693A776179706F696E7420783D223435352E302220793D223131322E35222F3E0D0A20202020202020203C6F6D6764693A776179706F696E7420783D223532302E302220793D223134362E30222F3E0D0A20202020202020203C62706D6E64693A42504D4E4C6162656C3E0D0A202020202020202020203C6F6D6764633A426F756E6473206865696768743D22302E30222077696474683D22302E302220783D22302E302220793D22302E30222F3E0D0A20202020202020203C2F62706D6E64693A42504D4E4C6162656C3E0D0A2020202020203C2F62706D6E64693A42504D4E456467653E0D0A2020202020203C62706D6E64693A42504D4E456467652062706D6E456C656D656E743D225F3135222069643D2242504D4E456467655F5F31352220736F75726365456C656D656E743D225F31312220746172676574456C656D656E743D225F3134223E0D0A20202020202020203C6F6D6764693A776179706F696E7420783D223533362E302220793D223136322E30222F3E0D0A20202020202020203C6F6D6764693A776179706F696E7420783D223533362E302220793D223232352E30222F3E0D0A20202020202020203C62706D6E64693A42504D4E4C6162656C3E0D0A202020202020202020203C6F6D6764633A426F756E6473206865696768743D22302E30222077696474683D22302E302220783D22302E302220793D22302E30222F3E0D0A20202020202020203C2F62706D6E64693A42504D4E4C6162656C3E0D0A2020202020203C2F62706D6E64693A42504D4E456467653E0D0A2020202020203C62706D6E64693A42504D4E456467652062706D6E456C656D656E743D225F3137222069643D2242504D4E456467655F5F31372220736F75726365456C656D656E743D225F31342220746172676574456C656D656E743D225F3136223E0D0A20202020202020203C6F6D6764693A776179706F696E7420783D223532302E302220793D223234312E30222F3E0D0A20202020202020203C6F6D6764693A776179706F696E7420783D223438352E302220793D223239302E30222F3E0D0A20202020202020203C6F6D6764693A776179706F696E7420783D223438352E302220793D223332352E30222F3E0D0A20202020202020203C62706D6E64693A42504D4E4C6162656C3E0D0A202020202020202020203C6F6D6764633A426F756E6473206865696768743D22302E30222077696474683D22302E302220783D22302E302220793D22302E30222F3E0D0A20202020202020203C2F62706D6E64693A42504D4E4C6162656C3E0D0A2020202020203C2F62706D6E64693A42504D4E456467653E0D0A2020202020203C62706D6E64693A42504D4E456467652062706D6E456C656D656E743D225F3139222069643D2242504D4E456467655F5F31392220736F75726365456C656D656E743D225F31362220746172676574456C656D656E743D225F3138223E0D0A20202020202020203C6F6D6764693A776179706F696E7420783D223438352E302220793D223338302E30222F3E0D0A20202020202020203C6F6D6764693A776179706F696E7420783D223438352E302220793D223433302E30222F3E0D0A20202020202020203C6F6D6764693A776179706F696E7420783D223532352E302220793D223438312E30222F3E0D0A20202020202020203C62706D6E64693A42504D4E4C6162656C3E0D0A202020202020202020203C6F6D6764633A426F756E6473206865696768743D22302E30222077696474683D22302E302220783D22302E302220793D22302E30222F3E0D0A20202020202020203C2F62706D6E64693A42504D4E4C6162656C3E0D0A2020202020203C2F62706D6E64693A42504D4E456467653E0D0A2020202020203C62706D6E64693A42504D4E456467652062706D6E456C656D656E743D225F35222069643D2242504D4E456467655F5F352220736F75726365456C656D656E743D225F332220746172676574456C656D656E743D225F34223E0D0A20202020202020203C6F6D6764693A776179706F696E7420783D223230352E302220793D223134372E35222F3E0D0A20202020202020203C6F6D6764693A776179706F696E7420783D223236352E302220793D223134312E30222F3E0D0A20202020202020203C62706D6E64693A42504D4E4C6162656C3E0D0A202020202020202020203C6F6D6764633A426F756E6473206865696768743D22302E30222077696474683D22302E302220783D22302E302220793D22302E30222F3E0D0A20202020202020203C2F62706D6E64693A42504D4E4C6162656C3E0D0A2020202020203C2F62706D6E64693A42504D4E456467653E0D0A2020202020203C62706D6E64693A42504D4E456467652062706D6E456C656D656E743D225F36222069643D2242504D4E456467655F5F362220736F75726365456C656D656E743D225F322220746172676574456C656D656E743D225F33223E0D0A20202020202020203C6F6D6764693A776179706F696E7420783D2236322E302220793D223134362E30222F3E0D0A20202020202020203C6F6D6764693A776179706F696E7420783D223132302E302220793D223134372E35222F3E0D0A20202020202020203C62706D6E64693A42504D4E4C6162656C3E0D0A202020202020202020203C6F6D6764633A426F756E6473206865696768743D22302E30222077696474683D22302E302220783D22302E302220793D22302E30222F3E0D0A20202020202020203C2F62706D6E64693A42504D4E4C6162656C3E0D0A2020202020203C2F62706D6E64693A42504D4E456467653E0D0A2020202020203C62706D6E64693A42504D4E456467652062706D6E456C656D656E743D225F39222069643D2242504D4E456467655F5F392220736F75726365456C656D656E743D225F342220746172676574456C656D656E743D225F37223E0D0A20202020202020203C6F6D6764693A776179706F696E7420783D223239372E302220793D223134312E30222F3E0D0A20202020202020203C6F6D6764693A776179706F696E7420783D223337302E302220793D223131322E35222F3E0D0A20202020202020203C62706D6E64693A42504D4E4C6162656C3E0D0A202020202020202020203C6F6D6764633A426F756E6473206865696768743D22302E30222077696474683D22302E302220783D22302E302220793D22302E30222F3E0D0A20202020202020203C2F62706D6E64693A42504D4E4C6162656C3E0D0A2020202020203C2F62706D6E64693A42504D4E456467653E0D0A2020202020203C62706D6E64693A42504D4E456467652062706D6E456C656D656E743D225F3230222069643D2242504D4E456467655F5F32302220736F75726365456C656D656E743D225F31342220746172676574456C656D656E743D225F3138223E0D0A20202020202020203C6F6D6764693A776179706F696E7420783D223535322E302220793D223234312E30222F3E0D0A20202020202020203C6F6D6764693A776179706F696E7420783D223630302E302220793D223336302E30222F3E0D0A20202020202020203C6F6D6764693A776179706F696E7420783D223535372E302220793D223438312E30222F3E0D0A20202020202020203C62706D6E64693A42504D4E4C6162656C3E0D0A202020202020202020203C6F6D6764633A426F756E6473206865696768743D22302E30222077696474683D22302E302220783D22302E302220793D22302E30222F3E0D0A20202020202020203C2F62706D6E64693A42504D4E4C6162656C3E0D0A2020202020203C2F62706D6E64693A42504D4E456467653E0D0A2020202020203C62706D6E64693A42504D4E456467652062706D6E456C656D656E743D225F3130222069643D2242504D4E456467655F5F31302220736F75726365456C656D656E743D225F342220746172676574456C656D656E743D225F38223E0D0A20202020202020203C6F6D6764693A776179706F696E7420783D223239372E302220793D223134312E30222F3E0D0A20202020202020203C6F6D6764693A776179706F696E7420783D223337302E302220793D223230322E35222F3E0D0A20202020202020203C62706D6E64693A42504D4E4C6162656C3E0D0A202020202020202020203C6F6D6764633A426F756E6473206865696768743D22302E30222077696474683D22302E302220783D22302E302220793D22302E30222F3E0D0A20202020202020203C2F62706D6E64693A42504D4E4C6162656C3E0D0A2020202020203C2F62706D6E64693A42504D4E456467653E0D0A202020203C2F62706D6E64693A42504D4E506C616E653E0D0A20203C2F62706D6E64693A42504D4E4469616772616D3E0D0A3C2F646566696E6974696F6E733E0D0A, 0);
INSERT INTO `ACT_GE_BYTEARRAY` VALUES ('85004', 1, 'hist.var-evection', NULL, 0xACED00057372001E636F6D2E69746865696D612E64656D6F2E706F6A6F2E4576656374696F6E8F0589E38D60E7DB0200074C0009626567696E446174657400104C6A6176612F7574696C2F446174653B4C000B64657374696E6174696F6E7400124C6A6176612F6C616E672F537472696E673B4C0007656E644461746571007E00014C000C6576656374696F6E4E616D6571007E00024C000269647400104C6A6176612F6C616E672F4C6F6E673B4C00036E756D7400124C6A6176612F6C616E672F446F75626C653B4C00057265736F6E71007E000278707070707070737200106A6176612E6C616E672E446F75626C6580B3C24A296BFB0402000144000576616C7565787200106A6176612E6C616E672E4E756D62657286AC951D0B94E08B0200007870401000000000000070, NULL);
INSERT INTO `ACT_GE_BYTEARRAY` VALUES ('97502', 1, 'bpmn/evection-inclusive.bpmn', '97501', 0x3C3F786D6C2076657273696F6E3D22312E302220656E636F64696E673D225554462D3822207374616E64616C6F6E653D22796573223F3E0D0A3C646566696E6974696F6E7320786D6C6E733D22687474703A2F2F7777772E6F6D672E6F72672F737065632F42504D4E2F32303130303532342F4D4F44454C2220786D6C6E733A61637469766974693D22687474703A2F2F61637469766974692E6F72672F62706D6E2220786D6C6E733A62706D6E64693D22687474703A2F2F7777772E6F6D672E6F72672F737065632F42504D4E2F32303130303532342F44492220786D6C6E733A6F6D6764633D22687474703A2F2F7777772E6F6D672E6F72672F737065632F44442F32303130303532342F44432220786D6C6E733A6F6D6764693D22687474703A2F2F7777772E6F6D672E6F72672F737065632F44442F32303130303532342F44492220786D6C6E733A746E733D22687474703A2F2F7777772E61637469766974692E6F72672F746573742220786D6C6E733A7873643D22687474703A2F2F7777772E77332E6F72672F323030312F584D4C536368656D612220786D6C6E733A7873693D22687474703A2F2F7777772E77332E6F72672F323030312F584D4C536368656D612D696E7374616E6365222065787072657373696F6E4C616E67756167653D22687474703A2F2F7777772E77332E6F72672F313939392F5850617468222069643D226D3135383636393032343038313022206E616D653D2222207461726765744E616D6573706163653D22687474703A2F2F7777772E61637469766974692E6F72672F746573742220747970654C616E67756167653D22687474703A2F2F7777772E77332E6F72672F323030312F584D4C536368656D61223E0D0A20203C70726F636573732069643D22696E636C757369766522206973436C6F7365643D2266616C73652220697345786563757461626C653D227472756522206E616D653D22E587BAE5B7AEE794B3E8AFB72DE58C85E590ABE7BD91E585B3222070726F63657373547970653D224E6F6E65223E0D0A202020203C73746172744576656E742069643D225F3222206E616D653D2253746172744576656E74222F3E0D0A202020203C757365725461736B2061637469766974693A61737369676E65653D22746F6D222061637469766974693A6578636C75736976653D2274727565222069643D225F3322206E616D653D22E587BAE5B7AEE794B3E8AFB7222F3E0D0A202020203C696E636C7573697665476174657761792067617465776179446972656374696F6E3D22556E737065636966696564222069643D225F3422206E616D653D22496E636C757369766547617465776179222F3E0D0A202020203C757365725461736B2061637469766974693A61737369676E65653D226A65727279222061637469766974693A6578636C75736976653D2274727565222069643D225F3522206E616D653D22E68A80E69CAFE7BB8FE79086222F3E0D0A202020203C757365725461736B2061637469766974693A61737369676E65653D226D696B69222061637469766974693A6578636C75736976653D2274727565222069643D225F3622206E616D653D22E4BABAE4BA8BE7BB8FE79086222F3E0D0A202020203C757365725461736B2061637469766974693A61737369676E65653D226A61636B222061637469766974693A6578636C75736976653D2274727565222069643D225F3722206E616D653D22E9A1B9E79BAEE7BB8FE79086222F3E0D0A202020203C696E636C7573697665476174657761792067617465776179446972656374696F6E3D22556E737065636966696564222069643D225F3822206E616D653D22496E636C757369766547617465776179222F3E0D0A202020203C6578636C7573697665476174657761792067617465776179446972656374696F6E3D22556E737065636966696564222069643D225F3922206E616D653D224578636C757369766547617465776179222F3E0D0A202020203C757365725461736B2061637469766974693A61737369676E65653D22726F7365222061637469766974693A6578636C75736976653D2274727565222069643D225F313022206E616D653D22E680BBE7BB8FE79086222F3E0D0A202020203C656E644576656E742069643D225F313122206E616D653D22456E644576656E74222F3E0D0A202020203C73657175656E6365466C6F772069643D225F31322220736F757263655265663D225F3222207461726765745265663D225F33222F3E0D0A202020203C73657175656E6365466C6F772069643D225F31332220736F757263655265663D225F3322207461726765745265663D225F34222F3E0D0A202020203C73657175656E6365466C6F772069643D225F31342220736F757263655265663D225F3422207461726765745265663D225F35223E0D0A2020202020203C636F6E646974696F6E45787072657373696F6E207873693A747970653D2274466F726D616C45787072657373696F6E223E3C215B43444154415B247B6576656374696F6E2E6E756D3C337D5D5D3E3C2F636F6E646974696F6E45787072657373696F6E3E0D0A202020203C2F73657175656E6365466C6F773E0D0A202020203C73657175656E6365466C6F772069643D225F31352220736F757263655265663D225F3422207461726765745265663D225F36222F3E0D0A202020203C73657175656E6365466C6F772069643D225F31362220736F757263655265663D225F3422207461726765745265663D225F37223E0D0A2020202020203C636F6E646974696F6E45787072657373696F6E207873693A747970653D2274466F726D616C45787072657373696F6E223E3C215B43444154415B247B6576656374696F6E2E6E756D3E3D337D5D5D3E3C2F636F6E646974696F6E45787072657373696F6E3E0D0A202020203C2F73657175656E6365466C6F773E0D0A202020203C73657175656E6365466C6F772069643D225F31372220736F757263655265663D225F3522207461726765745265663D225F38222F3E0D0A202020203C73657175656E6365466C6F772069643D225F31382220736F757263655265663D225F3622207461726765745265663D225F38222F3E0D0A202020203C73657175656E6365466C6F772069643D225F31392220736F757263655265663D225F3722207461726765745265663D225F38222F3E0D0A202020203C73657175656E6365466C6F772069643D225F32302220736F757263655265663D225F3822207461726765745265663D225F39222F3E0D0A202020203C73657175656E6365466C6F772069643D225F32312220736F757263655265663D225F3922207461726765745265663D225F3130223E0D0A2020202020203C636F6E646974696F6E45787072657373696F6E207873693A747970653D2274466F726D616C45787072657373696F6E223E3C215B43444154415B247B6576656374696F6E2E6E756D3E3D337D5D5D3E3C2F636F6E646974696F6E45787072657373696F6E3E0D0A202020203C2F73657175656E6365466C6F773E0D0A202020203C73657175656E6365466C6F772069643D225F32322220736F757263655265663D225F3922207461726765745265663D225F3131222F3E0D0A202020203C73657175656E6365466C6F772069643D225F32332220736F757263655265663D225F313022207461726765745265663D225F3131222F3E0D0A20203C2F70726F636573733E0D0A20203C62706D6E64693A42504D4E4469616772616D20646F63756D656E746174696F6E3D226261636B67726F756E643D234646464646463B636F756E743D313B686F72697A6F6E74616C636F756E743D313B6F7269656E746174696F6E3D303B77696474683D3834322E343B6865696768743D313139352E323B696D61676561626C6557696474683D3833322E343B696D61676561626C654865696768743D313138352E323B696D61676561626C65583D352E303B696D61676561626C65593D352E30222069643D224469616772616D2D5F3122206E616D653D224E6577204469616772616D223E0D0A202020203C62706D6E64693A42504D4E506C616E652062706D6E456C656D656E743D22696E636C7573697665223E0D0A2020202020203C62706D6E64693A42504D4E53686170652062706D6E456C656D656E743D225F32222069643D2253686170652D5F32223E0D0A20202020202020203C6F6D6764633A426F756E6473206865696768743D2233322E30222077696474683D2233322E302220783D2232302E302220793D223135302E30222F3E0D0A20202020202020203C62706D6E64693A42504D4E4C6162656C3E0D0A202020202020202020203C6F6D6764633A426F756E6473206865696768743D2233322E30222077696474683D2233322E302220783D22302E302220793D22302E30222F3E0D0A20202020202020203C2F62706D6E64693A42504D4E4C6162656C3E0D0A2020202020203C2F62706D6E64693A42504D4E53686170653E0D0A2020202020203C62706D6E64693A42504D4E53686170652062706D6E456C656D656E743D225F33222069643D2253686170652D5F33223E0D0A20202020202020203C6F6D6764633A426F756E6473206865696768743D2235352E30222077696474683D2238352E302220783D223130352E302220793D223134352E30222F3E0D0A20202020202020203C62706D6E64693A42504D4E4C6162656C3E0D0A202020202020202020203C6F6D6764633A426F756E6473206865696768743D2235352E30222077696474683D2238352E302220783D22302E302220793D22302E30222F3E0D0A20202020202020203C2F62706D6E64693A42504D4E4C6162656C3E0D0A2020202020203C2F62706D6E64693A42504D4E53686170653E0D0A2020202020203C62706D6E64693A42504D4E53686170652062706D6E456C656D656E743D225F34222069643D2253686170652D5F34223E0D0A20202020202020203C6F6D6764633A426F756E6473206865696768743D2233322E30222077696474683D2233322E302220783D223235352E302220793D223135302E30222F3E0D0A20202020202020203C62706D6E64693A42504D4E4C6162656C3E0D0A202020202020202020203C6F6D6764633A426F756E6473206865696768743D2233322E30222077696474683D2233322E302220783D22302E302220793D22302E30222F3E0D0A20202020202020203C2F62706D6E64693A42504D4E4C6162656C3E0D0A2020202020203C2F62706D6E64693A42504D4E53686170653E0D0A2020202020203C62706D6E64693A42504D4E53686170652062706D6E456C656D656E743D225F35222069643D2253686170652D5F35223E0D0A20202020202020203C6F6D6764633A426F756E6473206865696768743D2235352E30222077696474683D2238352E302220783D223339302E302220793D2237302E30222F3E0D0A20202020202020203C62706D6E64693A42504D4E4C6162656C3E0D0A202020202020202020203C6F6D6764633A426F756E6473206865696768743D2235352E30222077696474683D2238352E302220783D22302E302220793D22302E30222F3E0D0A20202020202020203C2F62706D6E64693A42504D4E4C6162656C3E0D0A2020202020203C2F62706D6E64693A42504D4E53686170653E0D0A2020202020203C62706D6E64693A42504D4E53686170652062706D6E456C656D656E743D225F36222069643D2253686170652D5F36223E0D0A20202020202020203C6F6D6764633A426F756E6473206865696768743D2235352E30222077696474683D2238352E302220783D223339302E302220793D223137302E30222F3E0D0A20202020202020203C62706D6E64693A42504D4E4C6162656C3E0D0A202020202020202020203C6F6D6764633A426F756E6473206865696768743D2235352E30222077696474683D2238352E302220783D22302E302220793D22302E30222F3E0D0A20202020202020203C2F62706D6E64693A42504D4E4C6162656C3E0D0A2020202020203C2F62706D6E64693A42504D4E53686170653E0D0A2020202020203C62706D6E64693A42504D4E53686170652062706D6E456C656D656E743D225F37222069643D2253686170652D5F37223E0D0A20202020202020203C6F6D6764633A426F756E6473206865696768743D2235352E30222077696474683D2238352E302220783D223339352E302220793D223237302E30222F3E0D0A20202020202020203C62706D6E64693A42504D4E4C6162656C3E0D0A202020202020202020203C6F6D6764633A426F756E6473206865696768743D2235352E30222077696474683D2238352E302220783D22302E302220793D22302E30222F3E0D0A20202020202020203C2F62706D6E64693A42504D4E4C6162656C3E0D0A2020202020203C2F62706D6E64693A42504D4E53686170653E0D0A2020202020203C62706D6E64693A42504D4E53686170652062706D6E456C656D656E743D225F38222069643D2253686170652D5F38223E0D0A20202020202020203C6F6D6764633A426F756E6473206865696768743D2233322E30222077696474683D2233322E302220783D223537302E302220793D223135352E30222F3E0D0A20202020202020203C62706D6E64693A42504D4E4C6162656C3E0D0A202020202020202020203C6F6D6764633A426F756E6473206865696768743D2233322E30222077696474683D2233322E302220783D22302E302220793D22302E30222F3E0D0A20202020202020203C2F62706D6E64693A42504D4E4C6162656C3E0D0A2020202020203C2F62706D6E64693A42504D4E53686170653E0D0A2020202020203C62706D6E64693A42504D4E53686170652062706D6E456C656D656E743D225F39222069643D2253686170652D5F39222069734D61726B657256697369626C653D2266616C7365223E0D0A20202020202020203C6F6D6764633A426F756E6473206865696768743D2233322E30222077696474683D2233322E302220783D223536302E302220793D223334352E30222F3E0D0A20202020202020203C62706D6E64693A42504D4E4C6162656C3E0D0A202020202020202020203C6F6D6764633A426F756E6473206865696768743D2233322E30222077696474683D2233322E302220783D22302E302220793D22302E30222F3E0D0A20202020202020203C2F62706D6E64693A42504D4E4C6162656C3E0D0A2020202020203C2F62706D6E64693A42504D4E53686170653E0D0A2020202020203C62706D6E64693A42504D4E53686170652062706D6E456C656D656E743D225F3130222069643D2253686170652D5F3130223E0D0A20202020202020203C6F6D6764633A426F756E6473206865696768743D2235352E30222077696474683D2238352E302220783D223433352E302220793D223434352E30222F3E0D0A20202020202020203C62706D6E64693A42504D4E4C6162656C3E0D0A202020202020202020203C6F6D6764633A426F756E6473206865696768743D2235352E30222077696474683D2238352E302220783D22302E302220793D22302E30222F3E0D0A20202020202020203C2F62706D6E64693A42504D4E4C6162656C3E0D0A2020202020203C2F62706D6E64693A42504D4E53686170653E0D0A2020202020203C62706D6E64693A42504D4E53686170652062706D6E456C656D656E743D225F3131222069643D2253686170652D5F3131223E0D0A20202020202020203C6F6D6764633A426F756E6473206865696768743D2233322E30222077696474683D2233322E302220783D223536302E302220793D223535352E30222F3E0D0A20202020202020203C62706D6E64693A42504D4E4C6162656C3E0D0A202020202020202020203C6F6D6764633A426F756E6473206865696768743D2233322E30222077696474683D2233322E302220783D22302E302220793D22302E30222F3E0D0A20202020202020203C2F62706D6E64693A42504D4E4C6162656C3E0D0A2020202020203C2F62706D6E64693A42504D4E53686170653E0D0A2020202020203C62706D6E64693A42504D4E456467652062706D6E456C656D656E743D225F3133222069643D2242504D4E456467655F5F31332220736F75726365456C656D656E743D225F332220746172676574456C656D656E743D225F34223E0D0A20202020202020203C6F6D6764693A776179706F696E7420783D223139302E302220793D223137322E35222F3E0D0A20202020202020203C6F6D6764693A776179706F696E7420783D223235352E302220793D223136362E30222F3E0D0A20202020202020203C62706D6E64693A42504D4E4C6162656C3E0D0A202020202020202020203C6F6D6764633A426F756E6473206865696768743D22302E30222077696474683D22302E302220783D22302E302220793D22302E30222F3E0D0A20202020202020203C2F62706D6E64693A42504D4E4C6162656C3E0D0A2020202020203C2F62706D6E64693A42504D4E456467653E0D0A2020202020203C62706D6E64693A42504D4E456467652062706D6E456C656D656E743D225F3132222069643D2242504D4E456467655F5F31322220736F75726365456C656D656E743D225F322220746172676574456C656D656E743D225F33223E0D0A20202020202020203C6F6D6764693A776179706F696E7420783D2235322E302220793D223136362E30222F3E0D0A20202020202020203C6F6D6764693A776179706F696E7420783D223130352E302220793D223137322E35222F3E0D0A20202020202020203C62706D6E64693A42504D4E4C6162656C3E0D0A202020202020202020203C6F6D6764633A426F756E6473206865696768743D22302E30222077696474683D22302E302220783D22302E302220793D22302E30222F3E0D0A20202020202020203C2F62706D6E64693A42504D4E4C6162656C3E0D0A2020202020203C2F62706D6E64693A42504D4E456467653E0D0A2020202020203C62706D6E64693A42504D4E456467652062706D6E456C656D656E743D225F3233222069643D2242504D4E456467655F5F32332220736F75726365456C656D656E743D225F31302220746172676574456C656D656E743D225F3131223E0D0A20202020202020203C6F6D6764693A776179706F696E7420783D223438302E302220793D223530302E30222F3E0D0A20202020202020203C6F6D6764693A776179706F696E7420783D223438302E302220793D223534302E30222F3E0D0A20202020202020203C6F6D6764693A776179706F696E7420783D223536302E302220793D223537312E30222F3E0D0A20202020202020203C62706D6E64693A42504D4E4C6162656C3E0D0A202020202020202020203C6F6D6764633A426F756E6473206865696768743D22302E30222077696474683D22302E302220783D22302E302220793D22302E30222F3E0D0A20202020202020203C2F62706D6E64693A42504D4E4C6162656C3E0D0A2020202020203C2F62706D6E64693A42504D4E456467653E0D0A2020202020203C62706D6E64693A42504D4E456467652062706D6E456C656D656E743D225F3135222069643D2242504D4E456467655F5F31352220736F75726365456C656D656E743D225F342220746172676574456C656D656E743D225F36223E0D0A20202020202020203C6F6D6764693A776179706F696E7420783D223238372E302220793D223136362E30222F3E0D0A20202020202020203C6F6D6764693A776179706F696E7420783D223339302E302220793D223139372E35222F3E0D0A20202020202020203C62706D6E64693A42504D4E4C6162656C3E0D0A202020202020202020203C6F6D6764633A426F756E6473206865696768743D22302E30222077696474683D22302E302220783D22302E302220793D22302E30222F3E0D0A20202020202020203C2F62706D6E64693A42504D4E4C6162656C3E0D0A2020202020203C2F62706D6E64693A42504D4E456467653E0D0A2020202020203C62706D6E64693A42504D4E456467652062706D6E456C656D656E743D225F3134222069643D2242504D4E456467655F5F31342220736F75726365456C656D656E743D225F342220746172676574456C656D656E743D225F35223E0D0A20202020202020203C6F6D6764693A776179706F696E7420783D223237302E302220793D223135312E30222F3E0D0A20202020202020203C6F6D6764693A776179706F696E7420783D223237302E302220793D223133302E30222F3E0D0A20202020202020203C6F6D6764693A776179706F696E7420783D223339302E302220793D2239372E35222F3E0D0A20202020202020203C62706D6E64693A42504D4E4C6162656C3E0D0A202020202020202020203C6F6D6764633A426F756E6473206865696768743D22302E30222077696474683D22302E302220783D22302E302220793D22302E30222F3E0D0A20202020202020203C2F62706D6E64693A42504D4E4C6162656C3E0D0A2020202020203C2F62706D6E64693A42504D4E456467653E0D0A2020202020203C62706D6E64693A42504D4E456467652062706D6E456C656D656E743D225F3137222069643D2242504D4E456467655F5F31372220736F75726365456C656D656E743D225F352220746172676574456C656D656E743D225F38223E0D0A20202020202020203C6F6D6764693A776179706F696E7420783D223437352E302220793D2239352E30222F3E0D0A20202020202020203C6F6D6764693A776179706F696E7420783D223538352E302220793D2239352E30222F3E0D0A20202020202020203C6F6D6764693A776179706F696E7420783D223538352E302220793D223135362E30222F3E0D0A20202020202020203C62706D6E64693A42504D4E4C6162656C3E0D0A202020202020202020203C6F6D6764633A426F756E6473206865696768743D22302E30222077696474683D22302E302220783D22302E302220793D22302E30222F3E0D0A20202020202020203C2F62706D6E64693A42504D4E4C6162656C3E0D0A2020202020203C2F62706D6E64693A42504D4E456467653E0D0A2020202020203C62706D6E64693A42504D4E456467652062706D6E456C656D656E743D225F3136222069643D2242504D4E456467655F5F31362220736F75726365456C656D656E743D225F342220746172676574456C656D656E743D225F37223E0D0A20202020202020203C6F6D6764693A776179706F696E7420783D223237302E302220793D223138312E30222F3E0D0A20202020202020203C6F6D6764693A776179706F696E7420783D223237302E302220793D223233352E30222F3E0D0A20202020202020203C6F6D6764693A776179706F696E7420783D223339352E302220793D223239372E35222F3E0D0A20202020202020203C62706D6E64693A42504D4E4C6162656C3E0D0A202020202020202020203C6F6D6764633A426F756E6473206865696768743D22302E30222077696474683D22302E302220783D22302E302220793D22302E30222F3E0D0A20202020202020203C2F62706D6E64693A42504D4E4C6162656C3E0D0A2020202020203C2F62706D6E64693A42504D4E456467653E0D0A2020202020203C62706D6E64693A42504D4E456467652062706D6E456C656D656E743D225F3139222069643D2242504D4E456467655F5F31392220736F75726365456C656D656E743D225F372220746172676574456C656D656E743D225F38223E0D0A20202020202020203C6F6D6764693A776179706F696E7420783D223438302E302220793D223239372E35222F3E0D0A20202020202020203C6F6D6764693A776179706F696E7420783D223538352E302220793D223232302E30222F3E0D0A20202020202020203C6F6D6764693A776179706F696E7420783D223538352E302220793D223138362E30222F3E0D0A20202020202020203C62706D6E64693A42504D4E4C6162656C3E0D0A202020202020202020203C6F6D6764633A426F756E6473206865696768743D22302E30222077696474683D22302E302220783D22302E302220793D22302E30222F3E0D0A20202020202020203C2F62706D6E64693A42504D4E4C6162656C3E0D0A2020202020203C2F62706D6E64693A42504D4E456467653E0D0A2020202020203C62706D6E64693A42504D4E456467652062706D6E456C656D656E743D225F3138222069643D2242504D4E456467655F5F31382220736F75726365456C656D656E743D225F362220746172676574456C656D656E743D225F38223E0D0A20202020202020203C6F6D6764693A776179706F696E7420783D223437352E302220793D223139372E35222F3E0D0A20202020202020203C6F6D6764693A776179706F696E7420783D223537302E302220793D223137312E30222F3E0D0A20202020202020203C62706D6E64693A42504D4E4C6162656C3E0D0A202020202020202020203C6F6D6764633A426F756E6473206865696768743D22302E30222077696474683D22302E302220783D22302E302220793D22302E30222F3E0D0A20202020202020203C2F62706D6E64693A42504D4E4C6162656C3E0D0A2020202020203C2F62706D6E64693A42504D4E456467653E0D0A2020202020203C62706D6E64693A42504D4E456467652062706D6E456C656D656E743D225F3230222069643D2242504D4E456467655F5F32302220736F75726365456C656D656E743D225F382220746172676574456C656D656E743D225F39223E0D0A20202020202020203C6F6D6764693A776179706F696E7420783D223630322E302220793D223137312E30222F3E0D0A20202020202020203C6F6D6764693A776179706F696E7420783D223636302E302220793D223237352E30222F3E0D0A20202020202020203C6F6D6764693A776179706F696E7420783D223539322E302220793D223336312E30222F3E0D0A20202020202020203C62706D6E64693A42504D4E4C6162656C3E0D0A202020202020202020203C6F6D6764633A426F756E6473206865696768743D22302E30222077696474683D22302E302220783D22302E302220793D22302E30222F3E0D0A20202020202020203C2F62706D6E64693A42504D4E4C6162656C3E0D0A2020202020203C2F62706D6E64693A42504D4E456467653E0D0A2020202020203C62706D6E64693A42504D4E456467652062706D6E456C656D656E743D225F3232222069643D2242504D4E456467655F5F32322220736F75726365456C656D656E743D225F392220746172676574456C656D656E743D225F3131223E0D0A20202020202020203C6F6D6764693A776179706F696E7420783D223537362E302220793D223337372E30222F3E0D0A20202020202020203C6F6D6764693A776179706F696E7420783D223537362E302220793D223535352E30222F3E0D0A20202020202020203C62706D6E64693A42504D4E4C6162656C3E0D0A202020202020202020203C6F6D6764633A426F756E6473206865696768743D22302E30222077696474683D22302E302220783D22302E302220793D22302E30222F3E0D0A20202020202020203C2F62706D6E64693A42504D4E4C6162656C3E0D0A2020202020203C2F62706D6E64693A42504D4E456467653E0D0A2020202020203C62706D6E64693A42504D4E456467652062706D6E456C656D656E743D225F3231222069643D2242504D4E456467655F5F32312220736F75726365456C656D656E743D225F392220746172676574456C656D656E743D225F3130223E0D0A20202020202020203C6F6D6764693A776179706F696E7420783D223536302E302220793D223336312E30222F3E0D0A20202020202020203C6F6D6764693A776179706F696E7420783D223437352E302220793D223431302E30222F3E0D0A20202020202020203C6F6D6764693A776179706F696E7420783D223437352E302220793D223434352E30222F3E0D0A20202020202020203C62706D6E64693A42504D4E4C6162656C3E0D0A202020202020202020203C6F6D6764633A426F756E6473206865696768743D22302E30222077696474683D22302E302220783D22302E302220793D22302E30222F3E0D0A20202020202020203C2F62706D6E64693A42504D4E4C6162656C3E0D0A2020202020203C2F62706D6E64693A42504D4E456467653E0D0A202020203C2F62706D6E64693A42504D4E506C616E653E0D0A20203C2F62706D6E64693A42504D4E4469616772616D3E0D0A3C2F646566696E6974696F6E733E0D0A, 0);

-- ----------------------------
-- Table structure for ACT_GE_PROPERTY
-- ----------------------------
DROP TABLE IF EXISTS `ACT_GE_PROPERTY`;
CREATE TABLE `ACT_GE_PROPERTY`  (
  `NAME_` varchar(64) CHARACTER SET utf8 COLLATE utf8_bin NOT NULL,
  `VALUE_` varchar(300) CHARACTER SET utf8 COLLATE utf8_bin NULL DEFAULT NULL,
  `REV_` int(11) NULL DEFAULT NULL,
  PRIMARY KEY (`NAME_`) USING BTREE
) ENGINE = InnoDB CHARACTER SET = utf8 COLLATE = utf8_bin ROW_FORMAT = Dynamic;

-- ----------------------------
-- Records of ACT_GE_PROPERTY
-- ----------------------------
INSERT INTO `ACT_GE_PROPERTY` VALUES ('cfg.execution-related-entities-count', 'false', 1);
INSERT INTO `ACT_GE_PROPERTY` VALUES ('next.dbid', '112501', 46);
INSERT INTO `ACT_GE_PROPERTY` VALUES ('schema.history', 'create(7.0.0.0)', 1);
INSERT INTO `ACT_GE_PROPERTY` VALUES ('schema.version', '7.0.0.0', 1);

-- ----------------------------
-- Table structure for ACT_HI_ACTINST
-- ----------------------------
DROP TABLE IF EXISTS `ACT_HI_ACTINST`;
CREATE TABLE `ACT_HI_ACTINST`  (
  `ID_` varchar(64) CHARACTER SET utf8 COLLATE utf8_bin NOT NULL,
  `PROC_DEF_ID_` varchar(64) CHARACTER SET utf8 COLLATE utf8_bin NOT NULL,
  `PROC_INST_ID_` varchar(64) CHARACTER SET utf8 COLLATE utf8_bin NOT NULL,
  `EXECUTION_ID_` varchar(64) CHARACTER SET utf8 COLLATE utf8_bin NOT NULL,
  `ACT_ID_` varchar(255) CHARACTER SET utf8 COLLATE utf8_bin NOT NULL,
  `TASK_ID_` varchar(64) CHARACTER SET utf8 COLLATE utf8_bin NULL DEFAULT NULL,
  `CALL_PROC_INST_ID_` varchar(64) CHARACTER SET utf8 COLLATE utf8_bin NULL DEFAULT NULL,
  `ACT_NAME_` varchar(255) CHARACTER SET utf8 COLLATE utf8_bin NULL DEFAULT NULL,
  `ACT_TYPE_` varchar(255) CHARACTER SET utf8 COLLATE utf8_bin NOT NULL,
  `ASSIGNEE_` varchar(255) CHARACTER SET utf8 COLLATE utf8_bin NULL DEFAULT NULL,
  `START_TIME_` datetime(3) NOT NULL,
  `END_TIME_` datetime(3) NULL DEFAULT NULL,
  `DURATION_` bigint(20) NULL DEFAULT NULL,
  `DELETE_REASON_` varchar(4000) CHARACTER SET utf8 COLLATE utf8_bin NULL DEFAULT NULL,
  `TENANT_ID_` varchar(255) CHARACTER SET utf8 COLLATE utf8_bin NULL DEFAULT '',
  PRIMARY KEY (`ID_`) USING BTREE,
  INDEX `ACT_IDX_HI_ACT_INST_START`(`START_TIME_`) USING BTREE,
  INDEX `ACT_IDX_HI_ACT_INST_END`(`END_TIME_`) USING BTREE,
  INDEX `ACT_IDX_HI_ACT_INST_PROCINST`(`PROC_INST_ID_`, `ACT_ID_`) USING BTREE,
  INDEX `ACT_IDX_HI_ACT_INST_EXEC`(`EXECUTION_ID_`, `ACT_ID_`) USING BTREE
) ENGINE = InnoDB CHARACTER SET = utf8 COLLATE = utf8_bin ROW_FORMAT = Dynamic;

-- ----------------------------
-- Records of ACT_HI_ACTINST
-- ----------------------------
INSERT INTO `ACT_HI_ACTINST` VALUES ('100006', 'inclusive:1:97503', '100001', '100005', '_2', NULL, NULL, 'StartEvent', 'startEvent', NULL, '2021-04-16 02:53:44.648', '2021-04-16 02:53:44.650', 2, NULL, '');
INSERT INTO `ACT_HI_ACTINST` VALUES ('100007', 'inclusive:1:97503', '100001', '100005', '_3', '100008', NULL, '', 'userTask', 'tom', '2021-04-16 02:53:44.659', '2021-04-16 02:54:18.973', 34314, NULL, '');
INSERT INTO `ACT_HI_ACTINST` VALUES ('10001', 'myEvection:1:4', '2501', '2502', '_6', '10002', NULL, '', 'userTask', 'rose', '2021-04-12 21:05:18.800', '2021-04-12 21:06:05.724', 46924, NULL, '');
INSERT INTO `ACT_HI_ACTINST` VALUES ('102501', 'inclusive:1:97503', '100001', '100005', '_4', NULL, NULL, 'InclusiveGateway', 'inclusiveGateway', NULL, '2021-04-16 02:54:19.407', '2021-04-16 02:54:19.487', 80, NULL, '');
INSERT INTO `ACT_HI_ACTINST` VALUES ('102503', 'inclusive:1:97503', '100001', '100005', '_6', '102504', NULL, '', 'userTask', 'miki', '2021-04-16 02:54:19.618', '2021-04-16 02:55:43.671', 84053, NULL, '');
INSERT INTO `ACT_HI_ACTINST` VALUES ('102506', 'inclusive:1:97503', '100001', '102502', '_7', '102507', NULL, '', 'userTask', 'jack', '2021-04-16 02:54:19.644', '2021-04-16 02:56:03.342', 103698, NULL, '');
INSERT INTO `ACT_HI_ACTINST` VALUES ('105001', 'inclusive:1:97503', '100001', '100005', '_8', NULL, NULL, 'InclusiveGateway', 'inclusiveGateway', NULL, '2021-04-16 02:55:44.632', '2021-04-16 02:56:04.188', 19556, NULL, '');
INSERT INTO `ACT_HI_ACTINST` VALUES ('107501', 'inclusive:1:97503', '100001', '102502', '_8', NULL, NULL, 'InclusiveGateway', 'inclusiveGateway', NULL, '2021-04-16 02:56:04.082', '2021-04-16 02:56:04.357', 275, NULL, '');
INSERT INTO `ACT_HI_ACTINST` VALUES ('107502', 'inclusive:1:97503', '100001', '102502', '_9', NULL, NULL, 'ExclusiveGateway', 'exclusiveGateway', NULL, '2021-04-16 02:56:04.357', '2021-04-16 02:56:04.459', 102, NULL, '');
INSERT INTO `ACT_HI_ACTINST` VALUES ('107503', 'inclusive:1:97503', '100001', '102502', '_10', '107504', NULL, '', 'userTask', 'rose', '2021-04-16 02:56:04.484', '2021-04-16 02:56:32.754', 28270, NULL, '');
INSERT INTO `ACT_HI_ACTINST` VALUES ('110001', 'inclusive:1:97503', '100001', '102502', '_11', NULL, NULL, 'EndEvent', 'endEvent', NULL, '2021-04-16 02:56:33.226', '2021-04-16 02:56:33.227', 1, NULL, '');
INSERT INTO `ACT_HI_ACTINST` VALUES ('12501', 'myEvection:1:4', '2501', '2502', '_7', NULL, NULL, 'EndEvent', 'endEvent', NULL, '2021-04-12 21:06:07.285', '2021-04-12 21:06:07.285', 0, NULL, '');
INSERT INTO `ACT_HI_ACTINST` VALUES ('20003', 'bpmnJs:1:17503', '20001', '20002', 'Event_07z32iw', NULL, NULL, 'StratEvent', 'startEvent', NULL, '2021-04-13 00:49:02.344', '2021-04-13 00:49:02.345', 1, NULL, '');
INSERT INTO `ACT_HI_ACTINST` VALUES ('20004', 'bpmnJs:1:17503', '20001', '20002', 'Activity_0lt3xe3', '20005', NULL, '', 'userTask', 'zhangsan', '2021-04-13 00:49:02.346', '2021-04-13 00:55:01.082', 358736, NULL, '');
INSERT INTO `ACT_HI_ACTINST` VALUES ('22503', 'bpmnJs:1:17503', '22501', '22502', 'Event_07z32iw', NULL, NULL, 'StratEvent', 'startEvent', NULL, '2021-04-13 00:50:19.516', '2021-04-13 00:50:19.517', 1, NULL, '');
INSERT INTO `ACT_HI_ACTINST` VALUES ('22504', 'bpmnJs:1:17503', '22501', '22502', 'Activity_0lt3xe3', '22505', NULL, '', 'userTask', 'zhangsan', '2021-04-13 00:50:19.519', '2021-04-13 00:55:02.886', 283367, NULL, '');
INSERT INTO `ACT_HI_ACTINST` VALUES ('25001', 'bpmnJs:1:17503', '20001', '20002', 'Activity_1m5wc5s', '25002', NULL, '', 'userTask', 'jerry', '2021-04-13 00:55:01.772', '2021-04-13 00:55:49.839', 48067, NULL, '');
INSERT INTO `ACT_HI_ACTINST` VALUES ('25004', 'bpmnJs:1:17503', '22501', '22502', 'Activity_1m5wc5s', '25005', NULL, '', 'userTask', 'jerry', '2021-04-13 00:55:02.886', '2021-04-13 00:55:51.437', 48551, NULL, '');
INSERT INTO `ACT_HI_ACTINST` VALUES ('2503', 'myEvection:1:4', '2501', '2502', '_2', NULL, NULL, 'StartEvent', 'startEvent', NULL, '2021-04-11 21:48:18.972', '2021-04-11 21:48:18.975', 3, NULL, '');
INSERT INTO `ACT_HI_ACTINST` VALUES ('2504', 'myEvection:1:4', '2501', '2502', '_3', '2505', NULL, '', 'userTask', 'zhangsan', '2021-04-11 21:48:18.976', '2021-04-12 20:55:06.952', 83207976, NULL, '');
INSERT INTO `ACT_HI_ACTINST` VALUES ('27501', 'bpmnJs:1:17503', '20001', '20002', 'Activity_07144ve', '27502', NULL, '', 'userTask', 'jack', '2021-04-13 00:55:50.318', '2021-04-13 00:56:19.561', 29243, NULL, '');
INSERT INTO `ACT_HI_ACTINST` VALUES ('27504', 'bpmnJs:1:17503', '22501', '22502', 'Activity_07144ve', '27505', NULL, '', 'userTask', 'jack', '2021-04-13 00:55:51.438', '2021-04-13 00:56:20.950', 29512, NULL, '');
INSERT INTO `ACT_HI_ACTINST` VALUES ('30001', 'bpmnJs:1:17503', '20001', '20002', 'Activity_0cccpv2', '30002', NULL, '', 'userTask', 'rose', '2021-04-13 00:56:20.074', '2021-04-13 00:56:41.903', 21829, NULL, '');
INSERT INTO `ACT_HI_ACTINST` VALUES ('30004', 'bpmnJs:1:17503', '22501', '22502', 'Activity_0cccpv2', '30005', NULL, '', 'userTask', 'rose', '2021-04-13 00:56:20.951', '2021-04-13 00:56:44.123', 23172, NULL, '');
INSERT INTO `ACT_HI_ACTINST` VALUES ('32501', 'bpmnJs:1:17503', '20001', '20002', 'Event_1x6g3ml', NULL, NULL, 'EndEvent', 'endEvent', NULL, '2021-04-13 00:56:42.398', '2021-04-13 00:56:42.398', 0, NULL, '');
INSERT INTO `ACT_HI_ACTINST` VALUES ('32502', 'bpmnJs:1:17503', '22501', '22502', 'Event_1x6g3ml', NULL, NULL, 'EndEvent', 'endEvent', NULL, '2021-04-13 00:56:44.123', '2021-04-13 00:56:44.123', 0, NULL, '');
INSERT INTO `ACT_HI_ACTINST` VALUES ('35003', 'myEvection:1:4', '35001', '35002', '_2', NULL, NULL, 'StartEvent', 'startEvent', NULL, '2021-04-15 20:33:30.088', '2021-04-15 20:33:30.095', 7, NULL, '');
INSERT INTO `ACT_HI_ACTINST` VALUES ('35004', 'myEvection:1:4', '35001', '35002', '_3', '35005', NULL, '', 'userTask', 'zhangsan', '2021-04-15 20:33:30.096', NULL, NULL, NULL, '');
INSERT INTO `ACT_HI_ACTINST` VALUES ('40007', 'myEvection1:1:37503', '40001', '40006', '_2', NULL, NULL, 'StartEvent', 'startEvent', NULL, '2021-04-15 21:28:35.544', '2021-04-15 21:28:35.545', 1, NULL, '');
INSERT INTO `ACT_HI_ACTINST` VALUES ('40008', 'myEvection1:1:37503', '40001', '40006', '_3', '40009', NULL, '', 'userTask', '', '2021-04-15 21:28:35.546', NULL, NULL, NULL, '');
INSERT INTO `ACT_HI_ACTINST` VALUES ('45003', 'testListener:1:42503', '45001', '45002', '_2', NULL, NULL, 'StartEvent', 'startEvent', NULL, '2021-04-15 22:12:04.192', '2021-04-15 22:12:04.193', 1, NULL, '');
INSERT INTO `ACT_HI_ACTINST` VALUES ('45004', 'testListener:1:42503', '45001', '45002', '_4', '45005', NULL, '', 'userTask', NULL, '2021-04-15 22:12:04.195', NULL, NULL, NULL, '');
INSERT INTO `ACT_HI_ACTINST` VALUES ('5001', 'myEvection:1:4', '2501', '2502', '_4', '5002', NULL, '', 'userTask', 'jerry', '2021-04-12 20:55:08.699', '2021-04-12 21:04:36.210', 567511, NULL, '');
INSERT INTO `ACT_HI_ACTINST` VALUES ('50010', 'myEvection2:1:47503', '50001', '50009', '_2', NULL, NULL, 'StartEvent', 'startEvent', NULL, '2021-04-15 22:28:22.611', '2021-04-15 22:28:22.612', 1, NULL, '');
INSERT INTO `ACT_HI_ACTINST` VALUES ('50011', 'myEvection2:1:47503', '50001', '50009', '_3', '50012', NULL, '', 'userTask', '', '2021-04-15 22:28:22.614', '2021-04-15 22:32:18.957', 236343, NULL, '');
INSERT INTO `ACT_HI_ACTINST` VALUES ('52501', 'myEvection2:1:47503', '50001', '50009', '_4', '52502', NULL, '', 'userTask', '', '2021-04-15 22:32:19.493', '2021-04-15 22:33:19.319', 59826, NULL, '');
INSERT INTO `ACT_HI_ACTINST` VALUES ('55001', 'myEvection2:1:47503', '50001', '50009', '_6', '55002', NULL, '', 'userTask', '', '2021-04-15 22:33:19.952', NULL, NULL, NULL, '');
INSERT INTO `ACT_HI_ACTINST` VALUES ('60007', 'myEvection2:2:57503', '60001', '60006', '_2', NULL, NULL, 'StartEvent', 'startEvent', NULL, '2021-04-15 22:36:07.247', '2021-04-15 22:36:07.249', 2, NULL, '');
INSERT INTO `ACT_HI_ACTINST` VALUES ('60008', 'myEvection2:2:57503', '60001', '60006', '_3', '60009', NULL, '', 'userTask', '3', '2021-04-15 22:36:07.250', '2021-04-15 22:37:54.002', 106752, NULL, '');
INSERT INTO `ACT_HI_ACTINST` VALUES ('62504', 'myEvection2:2:57503', '60001', '60006', '_4', '62505', NULL, '', 'userTask', '3', '2021-04-15 22:37:54.005', '2021-04-15 22:38:21.275', 27270, NULL, '');
INSERT INTO `ACT_HI_ACTINST` VALUES ('65001', 'myEvection2:2:57503', '60001', '60006', '_6', '65002', NULL, '', 'userTask', '3', '2021-04-15 22:38:21.787', NULL, NULL, NULL, '');
INSERT INTO `ACT_HI_ACTINST` VALUES ('70003', 'testCandidate:1:67503', '70001', '70002', '_2', NULL, NULL, 'StartEvent', 'startEvent', NULL, '2021-04-15 23:09:28.743', '2021-04-15 23:09:28.744', 1, NULL, '');
INSERT INTO `ACT_HI_ACTINST` VALUES ('70004', 'testCandidate:1:67503', '70001', '70002', '_3', '70005', NULL, '', 'userTask', '', '2021-04-15 23:09:28.746', '2021-04-15 23:11:08.706', 99960, NULL, '');
INSERT INTO `ACT_HI_ACTINST` VALUES ('72501', 'testCandidate:1:67503', '70001', '70002', '_4', '72502', NULL, '', 'userTask', NULL, '2021-04-15 23:11:09.198', NULL, NULL, NULL, '');
INSERT INTO `ACT_HI_ACTINST` VALUES ('7501', 'myEvection:1:4', '2501', '2502', '_5', '7502', NULL, '', 'userTask', 'jack', '2021-04-12 21:04:37.171', '2021-04-12 21:05:18.293', 41122, NULL, '');
INSERT INTO `ACT_HI_ACTINST` VALUES ('80006', 'exclusive:1:77503', '80001', '80005', '_2', NULL, NULL, 'StartEvent', 'startEvent', NULL, '2021-04-16 02:37:32.433', '2021-04-16 02:37:32.434', 1, NULL, '');
INSERT INTO `ACT_HI_ACTINST` VALUES ('80007', 'exclusive:1:77503', '80001', '80005', '_3', '80008', NULL, '', 'userTask', 'tom', '2021-04-16 02:37:32.436', NULL, NULL, NULL, '');
INSERT INTO `ACT_HI_ACTINST` VALUES ('85006', 'parallel:1:82503', '85001', '85005', '_2', NULL, NULL, 'StartEvent', 'startEvent', NULL, '2021-04-16 02:44:48.580', '2021-04-16 02:44:48.582', 2, NULL, '');
INSERT INTO `ACT_HI_ACTINST` VALUES ('85007', 'parallel:1:82503', '85001', '85005', '_3', '85008', NULL, '', 'userTask', 'tom', '2021-04-16 02:44:48.583', '2021-04-16 02:45:26.470', 37887, NULL, '');
INSERT INTO `ACT_HI_ACTINST` VALUES ('87501', 'parallel:1:82503', '85001', '85005', '_4', NULL, NULL, 'ParallelGateway', 'parallelGateway', NULL, '2021-04-16 02:45:27.189', '2021-04-16 02:45:27.241', 52, NULL, '');
INSERT INTO `ACT_HI_ACTINST` VALUES ('87503', 'parallel:1:82503', '85001', '85005', '_7', '87504', NULL, '', 'userTask', 'jerry', '2021-04-16 02:45:27.316', '2021-04-16 02:46:21.942', 54626, NULL, '');
INSERT INTO `ACT_HI_ACTINST` VALUES ('87506', 'parallel:1:82503', '85001', '87502', '_8', '87507', NULL, '', 'userTask', 'jack', '2021-04-16 02:45:27.357', '2021-04-16 02:46:59.945', 92588, NULL, '');
INSERT INTO `ACT_HI_ACTINST` VALUES ('90001', 'parallel:1:82503', '85001', '85005', '_11', NULL, NULL, 'ParallelGateway', 'parallelGateway', NULL, '2021-04-16 02:46:22.443', '2021-04-16 02:46:22.495', 52, NULL, '');
INSERT INTO `ACT_HI_ACTINST` VALUES ('92501', 'parallel:1:82503', '85001', '87502', '_11', NULL, NULL, 'ParallelGateway', 'parallelGateway', NULL, '2021-04-16 02:47:00.442', '2021-04-16 02:47:00.510', 68, NULL, '');
INSERT INTO `ACT_HI_ACTINST` VALUES ('92502', 'parallel:1:82503', '85001', '87502', '_14', NULL, NULL, 'ExclusiveGateway', 'exclusiveGateway', NULL, '2021-04-16 02:47:00.728', '2021-04-16 02:47:00.841', 113, NULL, '');
INSERT INTO `ACT_HI_ACTINST` VALUES ('92503', 'parallel:1:82503', '85001', '87502', '_16', '92504', NULL, '', 'userTask', 'rose', '2021-04-16 02:47:00.865', '2021-04-16 02:47:44.319', 43454, NULL, '');
INSERT INTO `ACT_HI_ACTINST` VALUES ('95001', 'parallel:1:82503', '85001', '87502', '_18', NULL, NULL, 'EndEvent', 'endEvent', NULL, '2021-04-16 02:47:44.820', '2021-04-16 02:47:44.820', 0, NULL, '');

-- ----------------------------
-- Table structure for ACT_HI_ATTACHMENT
-- ----------------------------
DROP TABLE IF EXISTS `ACT_HI_ATTACHMENT`;
CREATE TABLE `ACT_HI_ATTACHMENT`  (
  `ID_` varchar(64) CHARACTER SET utf8 COLLATE utf8_bin NOT NULL,
  `REV_` int(11) NULL DEFAULT NULL,
  `USER_ID_` varchar(255) CHARACTER SET utf8 COLLATE utf8_bin NULL DEFAULT NULL,
  `NAME_` varchar(255) CHARACTER SET utf8 COLLATE utf8_bin NULL DEFAULT NULL,
  `DESCRIPTION_` varchar(4000) CHARACTER SET utf8 COLLATE utf8_bin NULL DEFAULT NULL,
  `TYPE_` varchar(255) CHARACTER SET utf8 COLLATE utf8_bin NULL DEFAULT NULL,
  `TASK_ID_` varchar(64) CHARACTER SET utf8 COLLATE utf8_bin NULL DEFAULT NULL,
  `PROC_INST_ID_` varchar(64) CHARACTER SET utf8 COLLATE utf8_bin NULL DEFAULT NULL,
  `URL_` varchar(4000) CHARACTER SET utf8 COLLATE utf8_bin NULL DEFAULT NULL,
  `CONTENT_ID_` varchar(64) CHARACTER SET utf8 COLLATE utf8_bin NULL DEFAULT NULL,
  `TIME_` datetime(3) NULL DEFAULT NULL,
  PRIMARY KEY (`ID_`) USING BTREE
) ENGINE = InnoDB CHARACTER SET = utf8 COLLATE = utf8_bin ROW_FORMAT = Dynamic;

-- ----------------------------
-- Records of ACT_HI_ATTACHMENT
-- ----------------------------

-- ----------------------------
-- Table structure for ACT_HI_COMMENT
-- ----------------------------
DROP TABLE IF EXISTS `ACT_HI_COMMENT`;
CREATE TABLE `ACT_HI_COMMENT`  (
  `ID_` varchar(64) CHARACTER SET utf8 COLLATE utf8_bin NOT NULL,
  `TYPE_` varchar(255) CHARACTER SET utf8 COLLATE utf8_bin NULL DEFAULT NULL,
  `TIME_` datetime(3) NOT NULL,
  `USER_ID_` varchar(255) CHARACTER SET utf8 COLLATE utf8_bin NULL DEFAULT NULL,
  `TASK_ID_` varchar(64) CHARACTER SET utf8 COLLATE utf8_bin NULL DEFAULT NULL,
  `PROC_INST_ID_` varchar(64) CHARACTER SET utf8 COLLATE utf8_bin NULL DEFAULT NULL,
  `ACTION_` varchar(255) CHARACTER SET utf8 COLLATE utf8_bin NULL DEFAULT NULL,
  `MESSAGE_` varchar(4000) CHARACTER SET utf8 COLLATE utf8_bin NULL DEFAULT NULL,
  `FULL_MSG_` longblob NULL,
  PRIMARY KEY (`ID_`) USING BTREE
) ENGINE = InnoDB CHARACTER SET = utf8 COLLATE = utf8_bin ROW_FORMAT = Dynamic;

-- ----------------------------
-- Records of ACT_HI_COMMENT
-- ----------------------------
INSERT INTO `ACT_HI_COMMENT` VALUES ('75001', 'event', '2021-04-15 23:17:39.071', NULL, '72502', NULL, 'AddUserLink', 'null_|_assignee', NULL);

-- ----------------------------
-- Table structure for ACT_HI_DETAIL
-- ----------------------------
DROP TABLE IF EXISTS `ACT_HI_DETAIL`;
CREATE TABLE `ACT_HI_DETAIL`  (
  `ID_` varchar(64) CHARACTER SET utf8 COLLATE utf8_bin NOT NULL,
  `TYPE_` varchar(255) CHARACTER SET utf8 COLLATE utf8_bin NOT NULL,
  `PROC_INST_ID_` varchar(64) CHARACTER SET utf8 COLLATE utf8_bin NULL DEFAULT NULL,
  `EXECUTION_ID_` varchar(64) CHARACTER SET utf8 COLLATE utf8_bin NULL DEFAULT NULL,
  `TASK_ID_` varchar(64) CHARACTER SET utf8 COLLATE utf8_bin NULL DEFAULT NULL,
  `ACT_INST_ID_` varchar(64) CHARACTER SET utf8 COLLATE utf8_bin NULL DEFAULT NULL,
  `NAME_` varchar(255) CHARACTER SET utf8 COLLATE utf8_bin NOT NULL,
  `VAR_TYPE_` varchar(255) CHARACTER SET utf8 COLLATE utf8_bin NULL DEFAULT NULL,
  `REV_` int(11) NULL DEFAULT NULL,
  `TIME_` datetime(3) NOT NULL,
  `BYTEARRAY_ID_` varchar(64) CHARACTER SET utf8 COLLATE utf8_bin NULL DEFAULT NULL,
  `DOUBLE_` double NULL DEFAULT NULL,
  `LONG_` bigint(20) NULL DEFAULT NULL,
  `TEXT_` varchar(4000) CHARACTER SET utf8 COLLATE utf8_bin NULL DEFAULT NULL,
  `TEXT2_` varchar(4000) CHARACTER SET utf8 COLLATE utf8_bin NULL DEFAULT NULL,
  PRIMARY KEY (`ID_`) USING BTREE,
  INDEX `ACT_IDX_HI_DETAIL_PROC_INST`(`PROC_INST_ID_`) USING BTREE,
  INDEX `ACT_IDX_HI_DETAIL_ACT_INST`(`ACT_INST_ID_`) USING BTREE,
  INDEX `ACT_IDX_HI_DETAIL_TIME`(`TIME_`) USING BTREE,
  INDEX `ACT_IDX_HI_DETAIL_NAME`(`NAME_`) USING BTREE,
  INDEX `ACT_IDX_HI_DETAIL_TASK_ID`(`TASK_ID_`) USING BTREE
) ENGINE = InnoDB CHARACTER SET = utf8 COLLATE = utf8_bin ROW_FORMAT = Dynamic;

-- ----------------------------
-- Records of ACT_HI_DETAIL
-- ----------------------------

-- ----------------------------
-- Table structure for ACT_HI_IDENTITYLINK
-- ----------------------------
DROP TABLE IF EXISTS `ACT_HI_IDENTITYLINK`;
CREATE TABLE `ACT_HI_IDENTITYLINK`  (
  `ID_` varchar(64) CHARACTER SET utf8 COLLATE utf8_bin NOT NULL,
  `GROUP_ID_` varchar(255) CHARACTER SET utf8 COLLATE utf8_bin NULL DEFAULT NULL,
  `TYPE_` varchar(255) CHARACTER SET utf8 COLLATE utf8_bin NULL DEFAULT NULL,
  `USER_ID_` varchar(255) CHARACTER SET utf8 COLLATE utf8_bin NULL DEFAULT NULL,
  `TASK_ID_` varchar(64) CHARACTER SET utf8 COLLATE utf8_bin NULL DEFAULT NULL,
  `PROC_INST_ID_` varchar(64) CHARACTER SET utf8 COLLATE utf8_bin NULL DEFAULT NULL,
  PRIMARY KEY (`ID_`) USING BTREE,
  INDEX `ACT_IDX_HI_IDENT_LNK_USER`(`USER_ID_`) USING BTREE,
  INDEX `ACT_IDX_HI_IDENT_LNK_TASK`(`TASK_ID_`) USING BTREE,
  INDEX `ACT_IDX_HI_IDENT_LNK_PROCINST`(`PROC_INST_ID_`) USING BTREE
) ENGINE = InnoDB CHARACTER SET = utf8 COLLATE = utf8_bin ROW_FORMAT = Dynamic;

-- ----------------------------
-- Records of ACT_HI_IDENTITYLINK
-- ----------------------------
INSERT INTO `ACT_HI_IDENTITYLINK` VALUES ('100009', NULL, 'participant', 'tom', NULL, '100001');
INSERT INTO `ACT_HI_IDENTITYLINK` VALUES ('10003', NULL, 'participant', 'rose', NULL, '2501');
INSERT INTO `ACT_HI_IDENTITYLINK` VALUES ('102505', NULL, 'participant', 'miki', NULL, '100001');
INSERT INTO `ACT_HI_IDENTITYLINK` VALUES ('102508', NULL, 'participant', 'jack', NULL, '100001');
INSERT INTO `ACT_HI_IDENTITYLINK` VALUES ('107505', NULL, 'participant', 'rose', NULL, '100001');
INSERT INTO `ACT_HI_IDENTITYLINK` VALUES ('20006', NULL, 'participant', 'zhangsan', NULL, '20001');
INSERT INTO `ACT_HI_IDENTITYLINK` VALUES ('22506', NULL, 'participant', 'zhangsan', NULL, '22501');
INSERT INTO `ACT_HI_IDENTITYLINK` VALUES ('25003', NULL, 'participant', 'jerry', NULL, '20001');
INSERT INTO `ACT_HI_IDENTITYLINK` VALUES ('25006', NULL, 'participant', 'jerry', NULL, '22501');
INSERT INTO `ACT_HI_IDENTITYLINK` VALUES ('2506', NULL, 'participant', 'zhangsan', NULL, '2501');
INSERT INTO `ACT_HI_IDENTITYLINK` VALUES ('27503', NULL, 'participant', 'jack', NULL, '20001');
INSERT INTO `ACT_HI_IDENTITYLINK` VALUES ('27506', NULL, 'participant', 'jack', NULL, '22501');
INSERT INTO `ACT_HI_IDENTITYLINK` VALUES ('30003', NULL, 'participant', 'rose', NULL, '20001');
INSERT INTO `ACT_HI_IDENTITYLINK` VALUES ('30006', NULL, 'participant', 'rose', NULL, '22501');
INSERT INTO `ACT_HI_IDENTITYLINK` VALUES ('35006', NULL, 'participant', 'zhangsan', NULL, '35001');
INSERT INTO `ACT_HI_IDENTITYLINK` VALUES ('40010', NULL, 'participant', '', NULL, '40001');
INSERT INTO `ACT_HI_IDENTITYLINK` VALUES ('50013', NULL, 'participant', '', NULL, '50001');
INSERT INTO `ACT_HI_IDENTITYLINK` VALUES ('5003', NULL, 'participant', 'jerry', NULL, '2501');
INSERT INTO `ACT_HI_IDENTITYLINK` VALUES ('52503', NULL, 'participant', '', NULL, '50001');
INSERT INTO `ACT_HI_IDENTITYLINK` VALUES ('55003', NULL, 'participant', '', NULL, '50001');
INSERT INTO `ACT_HI_IDENTITYLINK` VALUES ('60010', NULL, 'participant', '3', NULL, '60001');
INSERT INTO `ACT_HI_IDENTITYLINK` VALUES ('62506', NULL, 'participant', '3', NULL, '60001');
INSERT INTO `ACT_HI_IDENTITYLINK` VALUES ('65003', NULL, 'participant', '3', NULL, '60001');
INSERT INTO `ACT_HI_IDENTITYLINK` VALUES ('70006', NULL, 'participant', '', NULL, '70001');
INSERT INTO `ACT_HI_IDENTITYLINK` VALUES ('72503', NULL, 'candidate', 'lisi', '72502', NULL);
INSERT INTO `ACT_HI_IDENTITYLINK` VALUES ('72504', NULL, 'participant', 'lisi', NULL, '70001');
INSERT INTO `ACT_HI_IDENTITYLINK` VALUES ('72505', NULL, 'candidate', 'wangwu', '72502', NULL);
INSERT INTO `ACT_HI_IDENTITYLINK` VALUES ('72506', NULL, 'participant', 'wangwu', NULL, '70001');
INSERT INTO `ACT_HI_IDENTITYLINK` VALUES ('7503', NULL, 'participant', 'jack', NULL, '2501');
INSERT INTO `ACT_HI_IDENTITYLINK` VALUES ('80009', NULL, 'participant', 'tom', NULL, '80001');
INSERT INTO `ACT_HI_IDENTITYLINK` VALUES ('85009', NULL, 'participant', 'tom', NULL, '85001');
INSERT INTO `ACT_HI_IDENTITYLINK` VALUES ('87505', NULL, 'participant', 'jerry', NULL, '85001');
INSERT INTO `ACT_HI_IDENTITYLINK` VALUES ('87508', NULL, 'participant', 'jack', NULL, '85001');
INSERT INTO `ACT_HI_IDENTITYLINK` VALUES ('92505', NULL, 'participant', 'rose', NULL, '85001');

-- ----------------------------
-- Table structure for ACT_HI_PROCINST
-- ----------------------------
DROP TABLE IF EXISTS `ACT_HI_PROCINST`;
CREATE TABLE `ACT_HI_PROCINST`  (
  `ID_` varchar(64) CHARACTER SET utf8 COLLATE utf8_bin NOT NULL,
  `PROC_INST_ID_` varchar(64) CHARACTER SET utf8 COLLATE utf8_bin NOT NULL,
  `BUSINESS_KEY_` varchar(255) CHARACTER SET utf8 COLLATE utf8_bin NULL DEFAULT NULL,
  `PROC_DEF_ID_` varchar(64) CHARACTER SET utf8 COLLATE utf8_bin NOT NULL,
  `START_TIME_` datetime(3) NOT NULL,
  `END_TIME_` datetime(3) NULL DEFAULT NULL,
  `DURATION_` bigint(20) NULL DEFAULT NULL,
  `START_USER_ID_` varchar(255) CHARACTER SET utf8 COLLATE utf8_bin NULL DEFAULT NULL,
  `START_ACT_ID_` varchar(255) CHARACTER SET utf8 COLLATE utf8_bin NULL DEFAULT NULL,
  `END_ACT_ID_` varchar(255) CHARACTER SET utf8 COLLATE utf8_bin NULL DEFAULT NULL,
  `SUPER_PROCESS_INSTANCE_ID_` varchar(64) CHARACTER SET utf8 COLLATE utf8_bin NULL DEFAULT NULL,
  `DELETE_REASON_` varchar(4000) CHARACTER SET utf8 COLLATE utf8_bin NULL DEFAULT NULL,
  `TENANT_ID_` varchar(255) CHARACTER SET utf8 COLLATE utf8_bin NULL DEFAULT '',
  `NAME_` varchar(255) CHARACTER SET utf8 COLLATE utf8_bin NULL DEFAULT NULL,
  PRIMARY KEY (`ID_`) USING BTREE,
  UNIQUE INDEX `PROC_INST_ID_`(`PROC_INST_ID_`) USING BTREE,
  INDEX `ACT_IDX_HI_PRO_INST_END`(`END_TIME_`) USING BTREE,
  INDEX `ACT_IDX_HI_PRO_I_BUSKEY`(`BUSINESS_KEY_`) USING BTREE
) ENGINE = InnoDB CHARACTER SET = utf8 COLLATE = utf8_bin ROW_FORMAT = Dynamic;

-- ----------------------------
-- Records of ACT_HI_PROCINST
-- ----------------------------
INSERT INTO `ACT_HI_PROCINST` VALUES ('100001', '100001', NULL, 'inclusive:1:97503', '2021-04-16 02:53:43.911', '2021-04-16 02:56:34.017', 170106, NULL, '_2', '_11', NULL, NULL, '', NULL);
INSERT INTO `ACT_HI_PROCINST` VALUES ('20001', '20001', NULL, 'bpmnJs:1:17503', '2021-04-13 00:49:01.830', '2021-04-13 00:56:42.904', 461074, NULL, 'Event_07z32iw', 'Event_1x6g3ml', NULL, NULL, '', NULL);
INSERT INTO `ACT_HI_PROCINST` VALUES ('22501', '22501', NULL, 'bpmnJs:1:17503', '2021-04-13 00:50:18.997', '2021-04-13 00:56:44.612', 385615, NULL, 'Event_07z32iw', 'Event_1x6g3ml', NULL, NULL, '', NULL);
INSERT INTO `ACT_HI_PROCINST` VALUES ('2501', '2501', NULL, 'myEvection:1:4', '2021-04-11 21:48:18.466', '2021-04-12 21:06:08.314', 83869848, NULL, '_2', '_7', NULL, NULL, '', NULL);
INSERT INTO `ACT_HI_PROCINST` VALUES ('35001', '35001', '1001', 'myEvection:1:4', '2021-04-15 20:33:28.798', NULL, NULL, NULL, '_2', NULL, NULL, NULL, '', NULL);
INSERT INTO `ACT_HI_PROCINST` VALUES ('40001', '40001', NULL, 'myEvection1:1:37503', '2021-04-15 21:28:35.118', NULL, NULL, NULL, '_2', NULL, NULL, NULL, '', NULL);
INSERT INTO `ACT_HI_PROCINST` VALUES ('45001', '45001', NULL, 'testListener:1:42503', '2021-04-15 22:12:03.679', NULL, NULL, NULL, '_2', NULL, NULL, NULL, '', NULL);
INSERT INTO `ACT_HI_PROCINST` VALUES ('50001', '50001', NULL, 'myEvection2:1:47503', '2021-04-15 22:28:22.105', NULL, NULL, NULL, '_2', NULL, NULL, NULL, '', NULL);
INSERT INTO `ACT_HI_PROCINST` VALUES ('60001', '60001', NULL, 'myEvection2:2:57503', '2021-04-15 22:36:06.720', NULL, NULL, NULL, '_2', NULL, NULL, NULL, '', NULL);
INSERT INTO `ACT_HI_PROCINST` VALUES ('70001', '70001', NULL, 'testCandidate:1:67503', '2021-04-15 23:09:28.212', NULL, NULL, NULL, '_2', NULL, NULL, NULL, '', NULL);
INSERT INTO `ACT_HI_PROCINST` VALUES ('80001', '80001', NULL, 'exclusive:1:77503', '2021-04-16 02:37:31.961', NULL, NULL, NULL, '_2', NULL, NULL, NULL, '', NULL);
INSERT INTO `ACT_HI_PROCINST` VALUES ('85001', '85001', NULL, 'parallel:1:82503', '2021-04-16 02:44:48.052', '2021-04-16 02:47:45.580', 177528, NULL, '_2', '_18', NULL, NULL, '', NULL);

-- ----------------------------
-- Table structure for ACT_HI_TASKINST
-- ----------------------------
DROP TABLE IF EXISTS `ACT_HI_TASKINST`;
CREATE TABLE `ACT_HI_TASKINST`  (
  `ID_` varchar(64) CHARACTER SET utf8 COLLATE utf8_bin NOT NULL,
  `PROC_DEF_ID_` varchar(64) CHARACTER SET utf8 COLLATE utf8_bin NULL DEFAULT NULL,
  `TASK_DEF_KEY_` varchar(255) CHARACTER SET utf8 COLLATE utf8_bin NULL DEFAULT NULL,
  `PROC_INST_ID_` varchar(64) CHARACTER SET utf8 COLLATE utf8_bin NULL DEFAULT NULL,
  `EXECUTION_ID_` varchar(64) CHARACTER SET utf8 COLLATE utf8_bin NULL DEFAULT NULL,
  `NAME_` varchar(255) CHARACTER SET utf8 COLLATE utf8_bin NULL DEFAULT NULL,
  `PARENT_TASK_ID_` varchar(64) CHARACTER SET utf8 COLLATE utf8_bin NULL DEFAULT NULL,
  `DESCRIPTION_` varchar(4000) CHARACTER SET utf8 COLLATE utf8_bin NULL DEFAULT NULL,
  `OWNER_` varchar(255) CHARACTER SET utf8 COLLATE utf8_bin NULL DEFAULT NULL,
  `ASSIGNEE_` varchar(255) CHARACTER SET utf8 COLLATE utf8_bin NULL DEFAULT NULL,
  `START_TIME_` datetime(3) NOT NULL,
  `CLAIM_TIME_` datetime(3) NULL DEFAULT NULL,
  `END_TIME_` datetime(3) NULL DEFAULT NULL,
  `DURATION_` bigint(20) NULL DEFAULT NULL,
  `DELETE_REASON_` varchar(4000) CHARACTER SET utf8 COLLATE utf8_bin NULL DEFAULT NULL,
  `PRIORITY_` int(11) NULL DEFAULT NULL,
  `DUE_DATE_` datetime(3) NULL DEFAULT NULL,
  `FORM_KEY_` varchar(255) CHARACTER SET utf8 COLLATE utf8_bin NULL DEFAULT NULL,
  `CATEGORY_` varchar(255) CHARACTER SET utf8 COLLATE utf8_bin NULL DEFAULT NULL,
  `TENANT_ID_` varchar(255) CHARACTER SET utf8 COLLATE utf8_bin NULL DEFAULT '',
  PRIMARY KEY (`ID_`) USING BTREE,
  INDEX `ACT_IDX_HI_TASK_INST_PROCINST`(`PROC_INST_ID_`) USING BTREE
) ENGINE = InnoDB CHARACTER SET = utf8 COLLATE = utf8_bin ROW_FORMAT = Dynamic;

-- ----------------------------
-- Records of ACT_HI_TASKINST
-- ----------------------------
INSERT INTO `ACT_HI_TASKINST` VALUES ('100008', 'inclusive:1:97503', '_3', '100001', '100005', '', NULL, NULL, NULL, 'tom', '2021-04-16 02:53:44.674', NULL, '2021-04-16 02:54:18.883', 34209, NULL, 50, NULL, NULL, NULL, '');
INSERT INTO `ACT_HI_TASKINST` VALUES ('10002', 'myEvection:1:4', '_6', '2501', '2502', '', NULL, NULL, NULL, 'rose', '2021-04-12 21:05:18.813', NULL, '2021-04-12 21:06:05.634', 46821, NULL, 50, NULL, NULL, NULL, '');
INSERT INTO `ACT_HI_TASKINST` VALUES ('102504', 'inclusive:1:97503', '_6', '100001', '100005', '', NULL, NULL, NULL, 'miki', '2021-04-16 02:54:19.618', NULL, '2021-04-16 02:55:43.588', 83970, NULL, 50, NULL, NULL, NULL, '');
INSERT INTO `ACT_HI_TASKINST` VALUES ('102507', 'inclusive:1:97503', '_7', '100001', '102502', '', NULL, NULL, NULL, 'jack', '2021-04-16 02:54:19.645', NULL, '2021-04-16 02:56:03.260', 103615, NULL, 50, NULL, NULL, NULL, '');
INSERT INTO `ACT_HI_TASKINST` VALUES ('107504', 'inclusive:1:97503', '_10', '100001', '102502', '', NULL, NULL, NULL, 'rose', '2021-04-16 02:56:04.485', NULL, '2021-04-16 02:56:32.662', 28177, NULL, 50, NULL, NULL, NULL, '');
INSERT INTO `ACT_HI_TASKINST` VALUES ('20005', 'bpmnJs:1:17503', 'Activity_0lt3xe3', '20001', '20002', '', NULL, NULL, NULL, 'zhangsan', '2021-04-13 00:49:02.360', NULL, '2021-04-13 00:55:00.991', 358631, NULL, 50, NULL, NULL, NULL, '');
INSERT INTO `ACT_HI_TASKINST` VALUES ('22505', 'bpmnJs:1:17503', 'Activity_0lt3xe3', '22501', '22502', '', NULL, NULL, NULL, 'zhangsan', '2021-04-13 00:50:19.531', NULL, '2021-04-13 00:55:02.817', 283286, NULL, 50, NULL, NULL, NULL, '');
INSERT INTO `ACT_HI_TASKINST` VALUES ('25002', 'bpmnJs:1:17503', 'Activity_1m5wc5s', '20001', '20002', '', NULL, NULL, NULL, 'jerry', '2021-04-13 00:55:01.783', NULL, '2021-04-13 00:55:49.745', 47962, NULL, 50, NULL, NULL, NULL, '');
INSERT INTO `ACT_HI_TASKINST` VALUES ('25005', 'bpmnJs:1:17503', 'Activity_1m5wc5s', '22501', '22502', '', NULL, NULL, NULL, 'jerry', '2021-04-13 00:55:02.887', NULL, '2021-04-13 00:55:51.363', 48476, NULL, 50, NULL, NULL, NULL, '');
INSERT INTO `ACT_HI_TASKINST` VALUES ('2505', 'myEvection:1:4', '_3', '2501', '2502', '', NULL, NULL, NULL, 'zhangsan', '2021-04-11 21:48:18.989', NULL, '2021-04-12 20:55:06.851', 83207862, NULL, 50, NULL, NULL, NULL, '');
INSERT INTO `ACT_HI_TASKINST` VALUES ('27502', 'bpmnJs:1:17503', 'Activity_07144ve', '20001', '20002', '', NULL, NULL, NULL, 'jack', '2021-04-13 00:55:50.330', NULL, '2021-04-13 00:56:19.480', 29150, NULL, 50, NULL, NULL, NULL, '');
INSERT INTO `ACT_HI_TASKINST` VALUES ('27505', 'bpmnJs:1:17503', 'Activity_07144ve', '22501', '22502', '', NULL, NULL, NULL, 'jack', '2021-04-13 00:55:51.438', NULL, '2021-04-13 00:56:20.872', 29434, NULL, 50, NULL, NULL, NULL, '');
INSERT INTO `ACT_HI_TASKINST` VALUES ('30002', 'bpmnJs:1:17503', 'Activity_0cccpv2', '20001', '20002', '', NULL, NULL, NULL, 'rose', '2021-04-13 00:56:20.087', NULL, '2021-04-13 00:56:41.821', 21734, NULL, 50, NULL, NULL, NULL, '');
INSERT INTO `ACT_HI_TASKINST` VALUES ('30005', 'bpmnJs:1:17503', 'Activity_0cccpv2', '22501', '22502', '', NULL, NULL, NULL, 'rose', '2021-04-13 00:56:20.951', NULL, '2021-04-13 00:56:44.048', 23097, NULL, 50, NULL, NULL, NULL, '');
INSERT INTO `ACT_HI_TASKINST` VALUES ('35005', 'myEvection:1:4', '_3', '35001', '35002', '', NULL, NULL, NULL, 'zhangsan', '2021-04-15 20:33:30.109', NULL, NULL, NULL, NULL, 50, NULL, NULL, NULL, '');
INSERT INTO `ACT_HI_TASKINST` VALUES ('40009', 'myEvection1:1:37503', '_3', '40001', '40006', '', NULL, NULL, NULL, '', '2021-04-15 21:28:35.558', NULL, NULL, NULL, NULL, 50, NULL, NULL, NULL, '');
INSERT INTO `ACT_HI_TASKINST` VALUES ('45005', 'testListener:1:42503', '_4', '45001', '45002', '', NULL, NULL, NULL, NULL, '2021-04-15 22:12:04.208', NULL, NULL, NULL, NULL, 50, NULL, NULL, NULL, '');
INSERT INTO `ACT_HI_TASKINST` VALUES ('50012', 'myEvection2:1:47503', '_3', '50001', '50009', '', NULL, NULL, NULL, '', '2021-04-15 22:28:22.626', NULL, '2021-04-15 22:32:18.873', 236247, NULL, 50, NULL, NULL, NULL, '');
INSERT INTO `ACT_HI_TASKINST` VALUES ('5002', 'myEvection:1:4', '_4', '2501', '2502', '', NULL, NULL, NULL, 'jerry', '2021-04-12 20:55:08.712', NULL, '2021-04-12 21:04:36.121', 567409, NULL, 50, NULL, NULL, NULL, '');
INSERT INTO `ACT_HI_TASKINST` VALUES ('52502', 'myEvection2:1:47503', '_4', '50001', '50009', '', NULL, NULL, NULL, '', '2021-04-15 22:32:19.505', NULL, '2021-04-15 22:33:19.227', 59722, NULL, 50, NULL, NULL, NULL, '');
INSERT INTO `ACT_HI_TASKINST` VALUES ('55002', 'myEvection2:1:47503', '_6', '50001', '50009', '', NULL, NULL, NULL, '', '2021-04-15 22:33:19.953', NULL, NULL, NULL, NULL, 50, NULL, NULL, NULL, '');
INSERT INTO `ACT_HI_TASKINST` VALUES ('60009', 'myEvection2:2:57503', '_3', '60001', '60006', '', NULL, NULL, NULL, '3', '2021-04-15 22:36:07.262', NULL, '2021-04-15 22:37:53.944', 106682, NULL, 50, NULL, NULL, NULL, '');
INSERT INTO `ACT_HI_TASKINST` VALUES ('62505', 'myEvection2:2:57503', '_4', '60001', '60006', '', NULL, NULL, NULL, '3', '2021-04-15 22:37:54.021', NULL, '2021-04-15 22:38:21.203', 27182, NULL, 50, NULL, NULL, NULL, '');
INSERT INTO `ACT_HI_TASKINST` VALUES ('65002', 'myEvection2:2:57503', '_6', '60001', '60006', '', NULL, NULL, NULL, '3', '2021-04-15 22:38:21.787', NULL, NULL, NULL, NULL, 50, NULL, NULL, NULL, '');
INSERT INTO `ACT_HI_TASKINST` VALUES ('70005', 'testCandidate:1:67503', '_3', '70001', '70002', '', NULL, NULL, NULL, '', '2021-04-15 23:09:28.761', NULL, '2021-04-15 23:11:08.621', 99860, NULL, 50, NULL, NULL, NULL, '');
INSERT INTO `ACT_HI_TASKINST` VALUES ('72502', 'testCandidate:1:67503', '_4', '70001', '70002', '', NULL, NULL, NULL, NULL, '2021-04-15 23:11:09.211', '2021-04-15 23:15:44.840', NULL, NULL, NULL, 50, NULL, NULL, NULL, '');
INSERT INTO `ACT_HI_TASKINST` VALUES ('7502', 'myEvection:1:4', '_5', '2501', '2502', '', NULL, NULL, NULL, 'jack', '2021-04-12 21:04:37.183', NULL, '2021-04-12 21:05:18.201', 41018, NULL, 50, NULL, NULL, NULL, '');
INSERT INTO `ACT_HI_TASKINST` VALUES ('80008', 'exclusive:1:77503', '_3', '80001', '80005', '', NULL, NULL, NULL, 'tom', '2021-04-16 02:37:32.449', NULL, NULL, NULL, NULL, 50, NULL, NULL, NULL, '');
INSERT INTO `ACT_HI_TASKINST` VALUES ('85008', 'parallel:1:82503', '_3', '85001', '85005', '', NULL, NULL, NULL, 'tom', '2021-04-16 02:44:48.597', NULL, '2021-04-16 02:45:26.381', 37784, NULL, 50, NULL, NULL, NULL, '');
INSERT INTO `ACT_HI_TASKINST` VALUES ('87504', 'parallel:1:82503', '_7', '85001', '85005', '', NULL, NULL, NULL, 'jerry', '2021-04-16 02:45:27.331', NULL, '2021-04-16 02:46:21.844', 54513, NULL, 50, NULL, NULL, NULL, '');
INSERT INTO `ACT_HI_TASKINST` VALUES ('87507', 'parallel:1:82503', '_8', '85001', '87502', '', NULL, NULL, NULL, 'jack', '2021-04-16 02:45:27.358', NULL, '2021-04-16 02:46:59.864', 92506, NULL, 50, NULL, NULL, NULL, '');
INSERT INTO `ACT_HI_TASKINST` VALUES ('92504', 'parallel:1:82503', '_16', '85001', '87502', '', NULL, NULL, NULL, 'rose', '2021-04-16 02:47:00.866', NULL, '2021-04-16 02:47:44.228', 43362, NULL, 50, NULL, NULL, NULL, '');

-- ----------------------------
-- Table structure for ACT_HI_VARINST
-- ----------------------------
DROP TABLE IF EXISTS `ACT_HI_VARINST`;
CREATE TABLE `ACT_HI_VARINST`  (
  `ID_` varchar(64) CHARACTER SET utf8 COLLATE utf8_bin NOT NULL,
  `PROC_INST_ID_` varchar(64) CHARACTER SET utf8 COLLATE utf8_bin NULL DEFAULT NULL,
  `EXECUTION_ID_` varchar(64) CHARACTER SET utf8 COLLATE utf8_bin NULL DEFAULT NULL,
  `TASK_ID_` varchar(64) CHARACTER SET utf8 COLLATE utf8_bin NULL DEFAULT NULL,
  `NAME_` varchar(255) CHARACTER SET utf8 COLLATE utf8_bin NOT NULL,
  `VAR_TYPE_` varchar(100) CHARACTER SET utf8 COLLATE utf8_bin NULL DEFAULT NULL,
  `REV_` int(11) NULL DEFAULT NULL,
  `BYTEARRAY_ID_` varchar(64) CHARACTER SET utf8 COLLATE utf8_bin NULL DEFAULT NULL,
  `DOUBLE_` double NULL DEFAULT NULL,
  `LONG_` bigint(20) NULL DEFAULT NULL,
  `TEXT_` varchar(4000) CHARACTER SET utf8 COLLATE utf8_bin NULL DEFAULT NULL,
  `TEXT2_` varchar(4000) CHARACTER SET utf8 COLLATE utf8_bin NULL DEFAULT NULL,
  `CREATE_TIME_` datetime(3) NULL DEFAULT NULL,
  `LAST_UPDATED_TIME_` datetime(3) NULL DEFAULT NULL,
  PRIMARY KEY (`ID_`) USING BTREE,
  INDEX `ACT_IDX_HI_PROCVAR_PROC_INST`(`PROC_INST_ID_`) USING BTREE,
  INDEX `ACT_IDX_HI_PROCVAR_NAME_TYPE`(`NAME_`, `VAR_TYPE_`) USING BTREE,
  INDEX `ACT_IDX_HI_PROCVAR_TASK_ID`(`TASK_ID_`) USING BTREE
) ENGINE = InnoDB CHARACTER SET = utf8 COLLATE = utf8_bin ROW_FORMAT = Dynamic;

-- ----------------------------
-- Records of ACT_HI_VARINST
-- ----------------------------
INSERT INTO `ACT_HI_VARINST` VALUES ('100003', '100001', '100001', NULL, 'evection', 'serializable', 0, '100004', NULL, NULL, NULL, NULL, '2021-04-16 02:53:44.644', '2021-04-16 02:53:44.644');
INSERT INTO `ACT_HI_VARINST` VALUES ('40002', '40001', '40001', NULL, 'assignee3', 'string', 0, NULL, NULL, NULL, '', NULL, '2021-04-15 21:28:35.542', '2021-04-15 21:28:35.542');
INSERT INTO `ACT_HI_VARINST` VALUES ('40003', '40001', '40001', NULL, 'assignee0', 'string', 0, NULL, NULL, NULL, '', NULL, '2021-04-15 21:28:35.542', '2021-04-15 21:28:35.542');
INSERT INTO `ACT_HI_VARINST` VALUES ('40004', '40001', '40001', NULL, 'assignee2', 'string', 0, NULL, NULL, NULL, '', NULL, '2021-04-15 21:28:35.542', '2021-04-15 21:28:35.542');
INSERT INTO `ACT_HI_VARINST` VALUES ('40005', '40001', '40001', NULL, 'assignee1', 'string', 0, NULL, NULL, NULL, '', NULL, '2021-04-15 21:28:35.542', '2021-04-15 21:28:35.542');
INSERT INTO `ACT_HI_VARINST` VALUES ('50002', '50001', '50001', NULL, 'assignee3', 'string', 0, NULL, NULL, NULL, '', NULL, '2021-04-15 22:28:22.594', '2021-04-15 22:28:22.594');
INSERT INTO `ACT_HI_VARINST` VALUES ('50004', '50001', '50001', NULL, 'evection', 'serializable', 0, '50005', NULL, NULL, NULL, NULL, '2021-04-15 22:28:22.609', '2021-04-15 22:28:22.609');
INSERT INTO `ACT_HI_VARINST` VALUES ('50006', '50001', '50001', NULL, 'assignee0', 'string', 0, NULL, NULL, NULL, '', NULL, '2021-04-15 22:28:22.609', '2021-04-15 22:28:22.609');
INSERT INTO `ACT_HI_VARINST` VALUES ('50007', '50001', '50001', NULL, 'assignee2', 'string', 0, NULL, NULL, NULL, '', NULL, '2021-04-15 22:28:22.609', '2021-04-15 22:28:22.609');
INSERT INTO `ACT_HI_VARINST` VALUES ('50008', '50001', '50001', NULL, 'assignee1', 'string', 0, NULL, NULL, NULL, '', NULL, '2021-04-15 22:28:22.609', '2021-04-15 22:28:22.609');
INSERT INTO `ACT_HI_VARINST` VALUES ('60002', '60001', '60001', NULL, 'assignee3', 'string', 0, NULL, NULL, NULL, '3', NULL, '2021-04-15 22:36:07.244', '2021-04-15 22:36:07.244');
INSERT INTO `ACT_HI_VARINST` VALUES ('60003', '60001', '60001', NULL, 'assignee0', 'string', 0, NULL, NULL, NULL, '3', NULL, '2021-04-15 22:36:07.245', '2021-04-15 22:36:07.245');
INSERT INTO `ACT_HI_VARINST` VALUES ('60004', '60001', '60001', NULL, 'assignee2', 'string', 0, NULL, NULL, NULL, '3', NULL, '2021-04-15 22:36:07.245', '2021-04-15 22:36:07.245');
INSERT INTO `ACT_HI_VARINST` VALUES ('60005', '60001', '60001', NULL, 'assignee1', 'string', 0, NULL, NULL, NULL, '3', NULL, '2021-04-15 22:36:07.245', '2021-04-15 22:36:07.245');
INSERT INTO `ACT_HI_VARINST` VALUES ('62502', '60001', '60001', NULL, 'evection', 'serializable', 1, '62503', NULL, NULL, NULL, NULL, '2021-04-15 22:37:53.834', '2021-04-15 22:38:21.062');
INSERT INTO `ACT_HI_VARINST` VALUES ('80003', '80001', '80001', NULL, 'evection', 'serializable', 0, '80004', NULL, NULL, NULL, NULL, '2021-04-16 02:37:32.431', '2021-04-16 02:37:32.431');
INSERT INTO `ACT_HI_VARINST` VALUES ('85003', '85001', '85001', NULL, 'evection', 'serializable', 0, '85004', NULL, NULL, NULL, NULL, '2021-04-16 02:44:48.578', '2021-04-16 02:44:48.578');

-- ----------------------------
-- Table structure for ACT_PROCDEF_INFO
-- ----------------------------
DROP TABLE IF EXISTS `ACT_PROCDEF_INFO`;
CREATE TABLE `ACT_PROCDEF_INFO`  (
  `ID_` varchar(64) CHARACTER SET utf8 COLLATE utf8_bin NOT NULL,
  `PROC_DEF_ID_` varchar(64) CHARACTER SET utf8 COLLATE utf8_bin NOT NULL,
  `REV_` int(11) NULL DEFAULT NULL,
  `INFO_JSON_ID_` varchar(64) CHARACTER SET utf8 COLLATE utf8_bin NULL DEFAULT NULL,
  PRIMARY KEY (`ID_`) USING BTREE,
  UNIQUE INDEX `ACT_UNIQ_INFO_PROCDEF`(`PROC_DEF_ID_`) USING BTREE,
  INDEX `ACT_IDX_INFO_PROCDEF`(`PROC_DEF_ID_`) USING BTREE,
  INDEX `ACT_FK_INFO_JSON_BA`(`INFO_JSON_ID_`) USING BTREE,
  CONSTRAINT `ACT_FK_INFO_JSON_BA` FOREIGN KEY (`INFO_JSON_ID_`) REFERENCES `ACT_GE_BYTEARRAY` (`ID_`) ON DELETE RESTRICT ON UPDATE RESTRICT,
  CONSTRAINT `ACT_FK_INFO_PROCDEF` FOREIGN KEY (`PROC_DEF_ID_`) REFERENCES `ACT_RE_PROCDEF` (`ID_`) ON DELETE RESTRICT ON UPDATE RESTRICT
) ENGINE = InnoDB CHARACTER SET = utf8 COLLATE = utf8_bin ROW_FORMAT = Dynamic;

-- ----------------------------
-- Records of ACT_PROCDEF_INFO
-- ----------------------------

-- ----------------------------
-- Table structure for ACT_RE_DEPLOYMENT
-- ----------------------------
DROP TABLE IF EXISTS `ACT_RE_DEPLOYMENT`;
CREATE TABLE `ACT_RE_DEPLOYMENT`  (
  `ID_` varchar(64) CHARACTER SET utf8 COLLATE utf8_bin NOT NULL,
  `NAME_` varchar(255) CHARACTER SET utf8 COLLATE utf8_bin NULL DEFAULT NULL,
  `CATEGORY_` varchar(255) CHARACTER SET utf8 COLLATE utf8_bin NULL DEFAULT NULL,
  `KEY_` varchar(255) CHARACTER SET utf8 COLLATE utf8_bin NULL DEFAULT NULL,
  `TENANT_ID_` varchar(255) CHARACTER SET utf8 COLLATE utf8_bin NULL DEFAULT '',
  `DEPLOY_TIME_` timestamp(3) NULL DEFAULT NULL,
  `ENGINE_VERSION_` varchar(255) CHARACTER SET utf8 COLLATE utf8_bin NULL DEFAULT NULL,
  PRIMARY KEY (`ID_`) USING BTREE
) ENGINE = InnoDB CHARACTER SET = utf8 COLLATE = utf8_bin ROW_FORMAT = Dynamic;

-- ----------------------------
-- Records of ACT_RE_DEPLOYMENT
-- ----------------------------
INSERT INTO `ACT_RE_DEPLOYMENT` VALUES ('1', '', NULL, NULL, '', '2021-04-11 21:26:21.834', NULL);
INSERT INTO `ACT_RE_DEPLOYMENT` VALUES ('17501', '', NULL, NULL, '', '2021-04-13 00:34:11.645', NULL);
INSERT INTO `ACT_RE_DEPLOYMENT` VALUES ('37501', '-uel', NULL, NULL, '', '2021-04-15 21:28:00.555', NULL);
INSERT INTO `ACT_RE_DEPLOYMENT` VALUES ('42501', '', NULL, NULL, '', '2021-04-15 22:11:09.123', NULL);
INSERT INTO `ACT_RE_DEPLOYMENT` VALUES ('47501', '-variables', NULL, NULL, '', '2021-04-15 22:25:14.276', NULL);
INSERT INTO `ACT_RE_DEPLOYMENT` VALUES ('57501', '-variables-complete', NULL, NULL, '', '2021-04-15 22:35:34.734', NULL);
INSERT INTO `ACT_RE_DEPLOYMENT` VALUES ('67501', '-Candidate', NULL, NULL, '', '2021-04-15 23:08:06.850', NULL);
INSERT INTO `ACT_RE_DEPLOYMENT` VALUES ('77501', '-', NULL, NULL, '', '2021-04-16 02:34:59.752', NULL);
INSERT INTO `ACT_RE_DEPLOYMENT` VALUES ('82501', '-', NULL, NULL, '', '2021-04-16 02:44:12.122', NULL);
INSERT INTO `ACT_RE_DEPLOYMENT` VALUES ('97501', '-', NULL, NULL, '', '2021-04-16 02:53:31.336', NULL);

-- ----------------------------
-- Table structure for ACT_RE_MODEL
-- ----------------------------
DROP TABLE IF EXISTS `ACT_RE_MODEL`;
CREATE TABLE `ACT_RE_MODEL`  (
  `ID_` varchar(64) CHARACTER SET utf8 COLLATE utf8_bin NOT NULL,
  `REV_` int(11) NULL DEFAULT NULL,
  `NAME_` varchar(255) CHARACTER SET utf8 COLLATE utf8_bin NULL DEFAULT NULL,
  `KEY_` varchar(255) CHARACTER SET utf8 COLLATE utf8_bin NULL DEFAULT NULL,
  `CATEGORY_` varchar(255) CHARACTER SET utf8 COLLATE utf8_bin NULL DEFAULT NULL,
  `CREATE_TIME_` timestamp(3) NULL DEFAULT NULL,
  `LAST_UPDATE_TIME_` timestamp(3) NULL DEFAULT NULL,
  `VERSION_` int(11) NULL DEFAULT NULL,
  `META_INFO_` varchar(4000) CHARACTER SET utf8 COLLATE utf8_bin NULL DEFAULT NULL,
  `DEPLOYMENT_ID_` varchar(64) CHARACTER SET utf8 COLLATE utf8_bin NULL DEFAULT NULL,
  `EDITOR_SOURCE_VALUE_ID_` varchar(64) CHARACTER SET utf8 COLLATE utf8_bin NULL DEFAULT NULL,
  `EDITOR_SOURCE_EXTRA_VALUE_ID_` varchar(64) CHARACTER SET utf8 COLLATE utf8_bin NULL DEFAULT NULL,
  `TENANT_ID_` varchar(255) CHARACTER SET utf8 COLLATE utf8_bin NULL DEFAULT '',
  PRIMARY KEY (`ID_`) USING BTREE,
  INDEX `ACT_FK_MODEL_SOURCE`(`EDITOR_SOURCE_VALUE_ID_`) USING BTREE,
  INDEX `ACT_FK_MODEL_SOURCE_EXTRA`(`EDITOR_SOURCE_EXTRA_VALUE_ID_`) USING BTREE,
  INDEX `ACT_FK_MODEL_DEPLOYMENT`(`DEPLOYMENT_ID_`) USING BTREE,
  CONSTRAINT `ACT_FK_MODEL_DEPLOYMENT` FOREIGN KEY (`DEPLOYMENT_ID_`) REFERENCES `ACT_RE_DEPLOYMENT` (`ID_`) ON DELETE RESTRICT ON UPDATE RESTRICT,
  CONSTRAINT `ACT_FK_MODEL_SOURCE` FOREIGN KEY (`EDITOR_SOURCE_VALUE_ID_`) REFERENCES `ACT_GE_BYTEARRAY` (`ID_`) ON DELETE RESTRICT ON UPDATE RESTRICT,
  CONSTRAINT `ACT_FK_MODEL_SOURCE_EXTRA` FOREIGN KEY (`EDITOR_SOURCE_EXTRA_VALUE_ID_`) REFERENCES `ACT_GE_BYTEARRAY` (`ID_`) ON DELETE RESTRICT ON UPDATE RESTRICT
) ENGINE = InnoDB CHARACTER SET = utf8 COLLATE = utf8_bin ROW_FORMAT = Dynamic;

-- ----------------------------
-- Records of ACT_RE_MODEL
-- ----------------------------

-- ----------------------------
-- Table structure for ACT_RE_PROCDEF
-- ----------------------------
DROP TABLE IF EXISTS `ACT_RE_PROCDEF`;
CREATE TABLE `ACT_RE_PROCDEF`  (
  `ID_` varchar(64) CHARACTER SET utf8 COLLATE utf8_bin NOT NULL,
  `REV_` int(11) NULL DEFAULT NULL,
  `CATEGORY_` varchar(255) CHARACTER SET utf8 COLLATE utf8_bin NULL DEFAULT NULL,
  `NAME_` varchar(255) CHARACTER SET utf8 COLLATE utf8_bin NULL DEFAULT NULL,
  `KEY_` varchar(255) CHARACTER SET utf8 COLLATE utf8_bin NOT NULL,
  `VERSION_` int(11) NOT NULL,
  `DEPLOYMENT_ID_` varchar(64) CHARACTER SET utf8 COLLATE utf8_bin NULL DEFAULT NULL,
  `RESOURCE_NAME_` varchar(4000) CHARACTER SET utf8 COLLATE utf8_bin NULL DEFAULT NULL,
  `DGRM_RESOURCE_NAME_` varchar(4000) CHARACTER SET utf8 COLLATE utf8_bin NULL DEFAULT NULL,
  `DESCRIPTION_` varchar(4000) CHARACTER SET utf8 COLLATE utf8_bin NULL DEFAULT NULL,
  `HAS_START_FORM_KEY_` tinyint(4) NULL DEFAULT NULL,
  `HAS_GRAPHICAL_NOTATION_` tinyint(4) NULL DEFAULT NULL,
  `SUSPENSION_STATE_` int(11) NULL DEFAULT NULL,
  `TENANT_ID_` varchar(255) CHARACTER SET utf8 COLLATE utf8_bin NULL DEFAULT '',
  `ENGINE_VERSION_` varchar(255) CHARACTER SET utf8 COLLATE utf8_bin NULL DEFAULT NULL,
  PRIMARY KEY (`ID_`) USING BTREE,
  UNIQUE INDEX `ACT_UNIQ_PROCDEF`(`KEY_`, `VERSION_`, `TENANT_ID_`) USING BTREE
) ENGINE = InnoDB CHARACTER SET = utf8 COLLATE = utf8_bin ROW_FORMAT = Dynamic;

-- ----------------------------
-- Records of ACT_RE_PROCDEF
-- ----------------------------
INSERT INTO `ACT_RE_PROCDEF` VALUES ('bpmnJs:1:17503', 1, 'http://bpmn.io/bpmn', NULL, 'bpmnJs', 1, '17501', 'bpmn/diagram.bpmn', NULL, NULL, 0, 1, 1, '', NULL);
INSERT INTO `ACT_RE_PROCDEF` VALUES ('exclusive:1:77503', 1, 'http://www.activiti.org/test', '-', 'exclusive', 1, '77501', 'bpmn/evection-exclusive.bpmn', NULL, NULL, 0, 1, 1, '', NULL);
INSERT INTO `ACT_RE_PROCDEF` VALUES ('inclusive:1:97503', 1, 'http://www.activiti.org/test', '-', 'inclusive', 1, '97501', 'bpmn/evection-inclusive.bpmn', NULL, NULL, 0, 1, 1, '', NULL);
INSERT INTO `ACT_RE_PROCDEF` VALUES ('myEvection1:1:37503', 1, 'http://www.activiti.org/test', '-uel', 'myEvection1', 1, '37501', 'bpmn/evection-uel.bpmn', NULL, NULL, 0, 1, 1, '', NULL);
INSERT INTO `ACT_RE_PROCDEF` VALUES ('myEvection2:1:47503', 1, 'http://www.activiti.org/test', NULL, 'myEvection2', 1, '47501', 'bpmn/evection-global.bpmn', NULL, NULL, 0, 1, 1, '', NULL);
INSERT INTO `ACT_RE_PROCDEF` VALUES ('myEvection2:2:57503', 1, 'http://www.activiti.org/test', NULL, 'myEvection2', 2, '57501', 'bpmn/evection-global.bpmn', NULL, NULL, 0, 1, 1, '', NULL);
INSERT INTO `ACT_RE_PROCDEF` VALUES ('myEvection:1:4', 1, 'http://www.activiti.org/test', '', 'myEvection', 1, '1', 'bpmn/evection.bpmn', 'bpmn/evection.png', NULL, 0, 1, 1, '', NULL);
INSERT INTO `ACT_RE_PROCDEF` VALUES ('parallel:1:82503', 1, 'http://www.activiti.org/test', '-', 'parallel', 1, '82501', 'bpmn/evection-parallel.bpmn', NULL, NULL, 0, 1, 1, '', NULL);
INSERT INTO `ACT_RE_PROCDEF` VALUES ('testCandidate:1:67503', 1, 'http://www.activiti.org/test', '-', 'testCandidate', 1, '67501', 'bpmn/evection-candidate.bpmn', NULL, NULL, 0, 1, 1, '', NULL);
INSERT INTO `ACT_RE_PROCDEF` VALUES ('testListener:1:42503', 1, 'http://www.activiti.org/test', '', 'testListener', 1, '42501', 'bpmn/demo-listen.bpmn', NULL, NULL, 0, 1, 1, '', NULL);

-- ----------------------------
-- Table structure for ACT_RU_DEADLETTER_JOB
-- ----------------------------
DROP TABLE IF EXISTS `ACT_RU_DEADLETTER_JOB`;
CREATE TABLE `ACT_RU_DEADLETTER_JOB`  (
  `ID_` varchar(64) CHARACTER SET utf8 COLLATE utf8_bin NOT NULL,
  `REV_` int(11) NULL DEFAULT NULL,
  `TYPE_` varchar(255) CHARACTER SET utf8 COLLATE utf8_bin NOT NULL,
  `EXCLUSIVE_` tinyint(1) NULL DEFAULT NULL,
  `EXECUTION_ID_` varchar(64) CHARACTER SET utf8 COLLATE utf8_bin NULL DEFAULT NULL,
  `PROCESS_INSTANCE_ID_` varchar(64) CHARACTER SET utf8 COLLATE utf8_bin NULL DEFAULT NULL,
  `PROC_DEF_ID_` varchar(64) CHARACTER SET utf8 COLLATE utf8_bin NULL DEFAULT NULL,
  `EXCEPTION_STACK_ID_` varchar(64) CHARACTER SET utf8 COLLATE utf8_bin NULL DEFAULT NULL,
  `EXCEPTION_MSG_` varchar(4000) CHARACTER SET utf8 COLLATE utf8_bin NULL DEFAULT NULL,
  `DUEDATE_` timestamp(3) NULL DEFAULT NULL,
  `REPEAT_` varchar(255) CHARACTER SET utf8 COLLATE utf8_bin NULL DEFAULT NULL,
  `HANDLER_TYPE_` varchar(255) CHARACTER SET utf8 COLLATE utf8_bin NULL DEFAULT NULL,
  `HANDLER_CFG_` varchar(4000) CHARACTER SET utf8 COLLATE utf8_bin NULL DEFAULT NULL,
  `TENANT_ID_` varchar(255) CHARACTER SET utf8 COLLATE utf8_bin NULL DEFAULT '',
  PRIMARY KEY (`ID_`) USING BTREE,
  INDEX `ACT_FK_DEADLETTER_JOB_EXECUTION`(`EXECUTION_ID_`) USING BTREE,
  INDEX `ACT_FK_DEADLETTER_JOB_PROCESS_INSTANCE`(`PROCESS_INSTANCE_ID_`) USING BTREE,
  INDEX `ACT_FK_DEADLETTER_JOB_PROC_DEF`(`PROC_DEF_ID_`) USING BTREE,
  INDEX `ACT_FK_DEADLETTER_JOB_EXCEPTION`(`EXCEPTION_STACK_ID_`) USING BTREE,
  CONSTRAINT `ACT_FK_DEADLETTER_JOB_EXCEPTION` FOREIGN KEY (`EXCEPTION_STACK_ID_`) REFERENCES `ACT_GE_BYTEARRAY` (`ID_`) ON DELETE RESTRICT ON UPDATE RESTRICT,
  CONSTRAINT `ACT_FK_DEADLETTER_JOB_EXECUTION` FOREIGN KEY (`EXECUTION_ID_`) REFERENCES `ACT_RU_EXECUTION` (`ID_`) ON DELETE RESTRICT ON UPDATE RESTRICT,
  CONSTRAINT `ACT_FK_DEADLETTER_JOB_PROCESS_INSTANCE` FOREIGN KEY (`PROCESS_INSTANCE_ID_`) REFERENCES `ACT_RU_EXECUTION` (`ID_`) ON DELETE RESTRICT ON UPDATE RESTRICT,
  CONSTRAINT `ACT_FK_DEADLETTER_JOB_PROC_DEF` FOREIGN KEY (`PROC_DEF_ID_`) REFERENCES `ACT_RE_PROCDEF` (`ID_`) ON DELETE RESTRICT ON UPDATE RESTRICT
) ENGINE = InnoDB CHARACTER SET = utf8 COLLATE = utf8_bin ROW_FORMAT = Dynamic;

-- ----------------------------
-- Records of ACT_RU_DEADLETTER_JOB
-- ----------------------------

-- ----------------------------
-- Table structure for ACT_RU_EVENT_SUBSCR
-- ----------------------------
DROP TABLE IF EXISTS `ACT_RU_EVENT_SUBSCR`;
CREATE TABLE `ACT_RU_EVENT_SUBSCR`  (
  `ID_` varchar(64) CHARACTER SET utf8 COLLATE utf8_bin NOT NULL,
  `REV_` int(11) NULL DEFAULT NULL,
  `EVENT_TYPE_` varchar(255) CHARACTER SET utf8 COLLATE utf8_bin NOT NULL,
  `EVENT_NAME_` varchar(255) CHARACTER SET utf8 COLLATE utf8_bin NULL DEFAULT NULL,
  `EXECUTION_ID_` varchar(64) CHARACTER SET utf8 COLLATE utf8_bin NULL DEFAULT NULL,
  `PROC_INST_ID_` varchar(64) CHARACTER SET utf8 COLLATE utf8_bin NULL DEFAULT NULL,
  `ACTIVITY_ID_` varchar(64) CHARACTER SET utf8 COLLATE utf8_bin NULL DEFAULT NULL,
  `CONFIGURATION_` varchar(255) CHARACTER SET utf8 COLLATE utf8_bin NULL DEFAULT NULL,
  `CREATED_` timestamp(3) NOT NULL DEFAULT CURRENT_TIMESTAMP(3),
  `PROC_DEF_ID_` varchar(64) CHARACTER SET utf8 COLLATE utf8_bin NULL DEFAULT NULL,
  `TENANT_ID_` varchar(255) CHARACTER SET utf8 COLLATE utf8_bin NULL DEFAULT '',
  PRIMARY KEY (`ID_`) USING BTREE,
  INDEX `ACT_IDX_EVENT_SUBSCR_CONFIG_`(`CONFIGURATION_`) USING BTREE,
  INDEX `ACT_FK_EVENT_EXEC`(`EXECUTION_ID_`) USING BTREE,
  CONSTRAINT `ACT_FK_EVENT_EXEC` FOREIGN KEY (`EXECUTION_ID_`) REFERENCES `ACT_RU_EXECUTION` (`ID_`) ON DELETE RESTRICT ON UPDATE RESTRICT
) ENGINE = InnoDB CHARACTER SET = utf8 COLLATE = utf8_bin ROW_FORMAT = Dynamic;

-- ----------------------------
-- Records of ACT_RU_EVENT_SUBSCR
-- ----------------------------

-- ----------------------------
-- Table structure for ACT_RU_EXECUTION
-- ----------------------------
DROP TABLE IF EXISTS `ACT_RU_EXECUTION`;
CREATE TABLE `ACT_RU_EXECUTION`  (
  `ID_` varchar(64) CHARACTER SET utf8 COLLATE utf8_bin NOT NULL,
  `REV_` int(11) NULL DEFAULT NULL,
  `PROC_INST_ID_` varchar(64) CHARACTER SET utf8 COLLATE utf8_bin NULL DEFAULT NULL,
  `BUSINESS_KEY_` varchar(255) CHARACTER SET utf8 COLLATE utf8_bin NULL DEFAULT NULL,
  `PARENT_ID_` varchar(64) CHARACTER SET utf8 COLLATE utf8_bin NULL DEFAULT NULL,
  `PROC_DEF_ID_` varchar(64) CHARACTER SET utf8 COLLATE utf8_bin NULL DEFAULT NULL,
  `SUPER_EXEC_` varchar(64) CHARACTER SET utf8 COLLATE utf8_bin NULL DEFAULT NULL,
  `ROOT_PROC_INST_ID_` varchar(64) CHARACTER SET utf8 COLLATE utf8_bin NULL DEFAULT NULL,
  `ACT_ID_` varchar(255) CHARACTER SET utf8 COLLATE utf8_bin NULL DEFAULT NULL,
  `IS_ACTIVE_` tinyint(4) NULL DEFAULT NULL,
  `IS_CONCURRENT_` tinyint(4) NULL DEFAULT NULL,
  `IS_SCOPE_` tinyint(4) NULL DEFAULT NULL,
  `IS_EVENT_SCOPE_` tinyint(4) NULL DEFAULT NULL,
  `IS_MI_ROOT_` tinyint(4) NULL DEFAULT NULL,
  `SUSPENSION_STATE_` int(11) NULL DEFAULT NULL,
  `CACHED_ENT_STATE_` int(11) NULL DEFAULT NULL,
  `TENANT_ID_` varchar(255) CHARACTER SET utf8 COLLATE utf8_bin NULL DEFAULT '',
  `NAME_` varchar(255) CHARACTER SET utf8 COLLATE utf8_bin NULL DEFAULT NULL,
  `START_TIME_` datetime(3) NULL DEFAULT NULL,
  `START_USER_ID_` varchar(255) CHARACTER SET utf8 COLLATE utf8_bin NULL DEFAULT NULL,
  `LOCK_TIME_` timestamp(3) NULL DEFAULT NULL,
  `IS_COUNT_ENABLED_` tinyint(4) NULL DEFAULT NULL,
  `EVT_SUBSCR_COUNT_` int(11) NULL DEFAULT NULL,
  `TASK_COUNT_` int(11) NULL DEFAULT NULL,
  `JOB_COUNT_` int(11) NULL DEFAULT NULL,
  `TIMER_JOB_COUNT_` int(11) NULL DEFAULT NULL,
  `SUSP_JOB_COUNT_` int(11) NULL DEFAULT NULL,
  `DEADLETTER_JOB_COUNT_` int(11) NULL DEFAULT NULL,
  `VAR_COUNT_` int(11) NULL DEFAULT NULL,
  `ID_LINK_COUNT_` int(11) NULL DEFAULT NULL,
  PRIMARY KEY (`ID_`) USING BTREE,
  INDEX `ACT_IDX_EXEC_BUSKEY`(`BUSINESS_KEY_`) USING BTREE,
  INDEX `ACT_IDC_EXEC_ROOT`(`ROOT_PROC_INST_ID_`) USING BTREE,
  INDEX `ACT_FK_EXE_PROCINST`(`PROC_INST_ID_`) USING BTREE,
  INDEX `ACT_FK_EXE_PARENT`(`PARENT_ID_`) USING BTREE,
  INDEX `ACT_FK_EXE_SUPER`(`SUPER_EXEC_`) USING BTREE,
  INDEX `ACT_FK_EXE_PROCDEF`(`PROC_DEF_ID_`) USING BTREE,
  CONSTRAINT `ACT_FK_EXE_PARENT` FOREIGN KEY (`PARENT_ID_`) REFERENCES `ACT_RU_EXECUTION` (`ID_`) ON DELETE CASCADE ON UPDATE RESTRICT,
  CONSTRAINT `ACT_FK_EXE_PROCDEF` FOREIGN KEY (`PROC_DEF_ID_`) REFERENCES `ACT_RE_PROCDEF` (`ID_`) ON DELETE RESTRICT ON UPDATE RESTRICT,
  CONSTRAINT `ACT_FK_EXE_PROCINST` FOREIGN KEY (`PROC_INST_ID_`) REFERENCES `ACT_RU_EXECUTION` (`ID_`) ON DELETE CASCADE ON UPDATE CASCADE,
  CONSTRAINT `ACT_FK_EXE_SUPER` FOREIGN KEY (`SUPER_EXEC_`) REFERENCES `ACT_RU_EXECUTION` (`ID_`) ON DELETE CASCADE ON UPDATE RESTRICT
) ENGINE = InnoDB CHARACTER SET = utf8 COLLATE = utf8_bin ROW_FORMAT = Dynamic;

-- ----------------------------
-- Records of ACT_RU_EXECUTION
-- ----------------------------
INSERT INTO `ACT_RU_EXECUTION` VALUES ('35001', 4, '35001', '1001', NULL, 'myEvection:1:4', NULL, '35001', NULL, 1, 0, 1, 0, 0, 2, NULL, '', NULL, '2021-04-15 20:33:28.798', NULL, NULL, 0, 0, 0, 0, 0, 0, 0, 0, 0);
INSERT INTO `ACT_RU_EXECUTION` VALUES ('35002', 4, '35001', NULL, '35001', 'myEvection:1:4', NULL, '35001', '_3', 1, 0, 0, 0, 0, 2, NULL, '', NULL, '2021-04-15 20:33:30.087', NULL, NULL, 0, 0, 0, 0, 0, 0, 0, 0, 0);
INSERT INTO `ACT_RU_EXECUTION` VALUES ('40001', 1, '40001', NULL, NULL, 'myEvection1:1:37503', NULL, '40001', NULL, 1, 0, 1, 0, 0, 1, NULL, '', NULL, '2021-04-15 21:28:35.118', NULL, NULL, 0, 0, 0, 0, 0, 0, 0, 0, 0);
INSERT INTO `ACT_RU_EXECUTION` VALUES ('40006', 1, '40001', NULL, '40001', 'myEvection1:1:37503', NULL, '40001', '_3', 1, 0, 0, 0, 0, 1, NULL, '', NULL, '2021-04-15 21:28:35.542', NULL, NULL, 0, 0, 0, 0, 0, 0, 0, 0, 0);
INSERT INTO `ACT_RU_EXECUTION` VALUES ('45001', 1, '45001', NULL, NULL, 'testListener:1:42503', NULL, '45001', NULL, 1, 0, 1, 0, 0, 1, NULL, '', NULL, '2021-04-15 22:12:03.679', NULL, NULL, 0, 0, 0, 0, 0, 0, 0, 0, 0);
INSERT INTO `ACT_RU_EXECUTION` VALUES ('45002', 1, '45001', NULL, '45001', 'testListener:1:42503', NULL, '45001', '_4', 1, 0, 0, 0, 0, 1, NULL, '', NULL, '2021-04-15 22:12:04.190', NULL, NULL, 0, 0, 0, 0, 0, 0, 0, 0, 0);
INSERT INTO `ACT_RU_EXECUTION` VALUES ('50001', 1, '50001', NULL, NULL, 'myEvection2:1:47503', NULL, '50001', NULL, 1, 0, 1, 0, 0, 1, NULL, '', NULL, '2021-04-15 22:28:22.105', NULL, NULL, 0, 0, 0, 0, 0, 0, 0, 0, 0);
INSERT INTO `ACT_RU_EXECUTION` VALUES ('50009', 3, '50001', NULL, '50001', 'myEvection2:1:47503', NULL, '50001', '_6', 1, 0, 0, 0, 0, 1, NULL, '', NULL, '2021-04-15 22:28:22.609', NULL, NULL, 0, 0, 0, 0, 0, 0, 0, 0, 0);
INSERT INTO `ACT_RU_EXECUTION` VALUES ('60001', 1, '60001', NULL, NULL, 'myEvection2:2:57503', NULL, '60001', NULL, 1, 0, 1, 0, 0, 1, NULL, '', NULL, '2021-04-15 22:36:06.720', NULL, NULL, 0, 0, 0, 0, 0, 0, 0, 0, 0);
INSERT INTO `ACT_RU_EXECUTION` VALUES ('60006', 3, '60001', NULL, '60001', 'myEvection2:2:57503', NULL, '60001', '_6', 1, 0, 0, 0, 0, 1, NULL, '', NULL, '2021-04-15 22:36:07.245', NULL, NULL, 0, 0, 0, 0, 0, 0, 0, 0, 0);
INSERT INTO `ACT_RU_EXECUTION` VALUES ('70001', 1, '70001', NULL, NULL, 'testCandidate:1:67503', NULL, '70001', NULL, 1, 0, 1, 0, 0, 1, NULL, '', NULL, '2021-04-15 23:09:28.212', NULL, NULL, 0, 0, 0, 0, 0, 0, 0, 0, 0);
INSERT INTO `ACT_RU_EXECUTION` VALUES ('70002', 2, '70001', NULL, '70001', 'testCandidate:1:67503', NULL, '70001', '_4', 1, 0, 0, 0, 0, 1, NULL, '', NULL, '2021-04-15 23:09:28.741', NULL, NULL, 0, 0, 0, 0, 0, 0, 0, 0, 0);
INSERT INTO `ACT_RU_EXECUTION` VALUES ('80001', 1, '80001', NULL, NULL, 'exclusive:1:77503', NULL, '80001', NULL, 1, 0, 1, 0, 0, 1, NULL, '', NULL, '2021-04-16 02:37:31.961', NULL, NULL, 0, 0, 0, 0, 0, 0, 0, 0, 0);
INSERT INTO `ACT_RU_EXECUTION` VALUES ('80005', 1, '80001', NULL, '80001', 'exclusive:1:77503', NULL, '80001', '_3', 1, 0, 0, 0, 0, 1, NULL, '', NULL, '2021-04-16 02:37:32.431', NULL, NULL, 0, 0, 0, 0, 0, 0, 0, 0, 0);

-- ----------------------------
-- Table structure for ACT_RU_IDENTITYLINK
-- ----------------------------
DROP TABLE IF EXISTS `ACT_RU_IDENTITYLINK`;
CREATE TABLE `ACT_RU_IDENTITYLINK`  (
  `ID_` varchar(64) CHARACTER SET utf8 COLLATE utf8_bin NOT NULL,
  `REV_` int(11) NULL DEFAULT NULL,
  `GROUP_ID_` varchar(255) CHARACTER SET utf8 COLLATE utf8_bin NULL DEFAULT NULL,
  `TYPE_` varchar(255) CHARACTER SET utf8 COLLATE utf8_bin NULL DEFAULT NULL,
  `USER_ID_` varchar(255) CHARACTER SET utf8 COLLATE utf8_bin NULL DEFAULT NULL,
  `TASK_ID_` varchar(64) CHARACTER SET utf8 COLLATE utf8_bin NULL DEFAULT NULL,
  `PROC_INST_ID_` varchar(64) CHARACTER SET utf8 COLLATE utf8_bin NULL DEFAULT NULL,
  `PROC_DEF_ID_` varchar(64) CHARACTER SET utf8 COLLATE utf8_bin NULL DEFAULT NULL,
  PRIMARY KEY (`ID_`) USING BTREE,
  INDEX `ACT_IDX_IDENT_LNK_USER`(`USER_ID_`) USING BTREE,
  INDEX `ACT_IDX_IDENT_LNK_GROUP`(`GROUP_ID_`) USING BTREE,
  INDEX `ACT_IDX_ATHRZ_PROCEDEF`(`PROC_DEF_ID_`) USING BTREE,
  INDEX `ACT_FK_TSKASS_TASK`(`TASK_ID_`) USING BTREE,
  INDEX `ACT_FK_IDL_PROCINST`(`PROC_INST_ID_`) USING BTREE,
  CONSTRAINT `ACT_FK_ATHRZ_PROCEDEF` FOREIGN KEY (`PROC_DEF_ID_`) REFERENCES `ACT_RE_PROCDEF` (`ID_`) ON DELETE RESTRICT ON UPDATE RESTRICT,
  CONSTRAINT `ACT_FK_IDL_PROCINST` FOREIGN KEY (`PROC_INST_ID_`) REFERENCES `ACT_RU_EXECUTION` (`ID_`) ON DELETE RESTRICT ON UPDATE RESTRICT,
  CONSTRAINT `ACT_FK_TSKASS_TASK` FOREIGN KEY (`TASK_ID_`) REFERENCES `ACT_RU_TASK` (`ID_`) ON DELETE RESTRICT ON UPDATE RESTRICT
) ENGINE = InnoDB CHARACTER SET = utf8 COLLATE = utf8_bin ROW_FORMAT = Dynamic;

-- ----------------------------
-- Records of ACT_RU_IDENTITYLINK
-- ----------------------------
INSERT INTO `ACT_RU_IDENTITYLINK` VALUES ('35006', 1, NULL, 'participant', 'zhangsan', NULL, '35001', NULL);
INSERT INTO `ACT_RU_IDENTITYLINK` VALUES ('40010', 1, NULL, 'participant', '', NULL, '40001', NULL);
INSERT INTO `ACT_RU_IDENTITYLINK` VALUES ('50013', 1, NULL, 'participant', '', NULL, '50001', NULL);
INSERT INTO `ACT_RU_IDENTITYLINK` VALUES ('52503', 1, NULL, 'participant', '', NULL, '50001', NULL);
INSERT INTO `ACT_RU_IDENTITYLINK` VALUES ('55003', 1, NULL, 'participant', '', NULL, '50001', NULL);
INSERT INTO `ACT_RU_IDENTITYLINK` VALUES ('60010', 1, NULL, 'participant', '3', NULL, '60001', NULL);
INSERT INTO `ACT_RU_IDENTITYLINK` VALUES ('62506', 1, NULL, 'participant', '3', NULL, '60001', NULL);
INSERT INTO `ACT_RU_IDENTITYLINK` VALUES ('65003', 1, NULL, 'participant', '3', NULL, '60001', NULL);
INSERT INTO `ACT_RU_IDENTITYLINK` VALUES ('70006', 1, NULL, 'participant', '', NULL, '70001', NULL);
INSERT INTO `ACT_RU_IDENTITYLINK` VALUES ('72503', 1, NULL, 'candidate', 'lisi', '72502', NULL, NULL);
INSERT INTO `ACT_RU_IDENTITYLINK` VALUES ('72504', 1, NULL, 'participant', 'lisi', NULL, '70001', NULL);
INSERT INTO `ACT_RU_IDENTITYLINK` VALUES ('72505', 1, NULL, 'candidate', 'wangwu', '72502', NULL, NULL);
INSERT INTO `ACT_RU_IDENTITYLINK` VALUES ('72506', 1, NULL, 'participant', 'wangwu', NULL, '70001', NULL);
INSERT INTO `ACT_RU_IDENTITYLINK` VALUES ('80009', 1, NULL, 'participant', 'tom', NULL, '80001', NULL);

-- ----------------------------
-- Table structure for ACT_RU_INTEGRATION
-- ----------------------------
DROP TABLE IF EXISTS `ACT_RU_INTEGRATION`;
CREATE TABLE `ACT_RU_INTEGRATION`  (
  `ID_` varchar(64) CHARACTER SET utf8 COLLATE utf8_bin NOT NULL,
  `EXECUTION_ID_` varchar(64) CHARACTER SET utf8 COLLATE utf8_bin NULL DEFAULT NULL,
  `PROCESS_INSTANCE_ID_` varchar(64) CHARACTER SET utf8 COLLATE utf8_bin NULL DEFAULT NULL,
  `PROC_DEF_ID_` varchar(64) CHARACTER SET utf8 COLLATE utf8_bin NULL DEFAULT NULL,
  `FLOW_NODE_ID_` varchar(64) CHARACTER SET utf8 COLLATE utf8_bin NULL DEFAULT NULL,
  `CREATED_DATE_` timestamp(3) NULL DEFAULT NULL,
  PRIMARY KEY (`ID_`) USING BTREE,
  INDEX `ACT_FK_INT_EXECUTION`(`EXECUTION_ID_`) USING BTREE,
  INDEX `ACT_FK_INT_PROC_INST`(`PROCESS_INSTANCE_ID_`) USING BTREE,
  INDEX `ACT_FK_INT_PROC_DEF`(`PROC_DEF_ID_`) USING BTREE,
  CONSTRAINT `ACT_FK_INT_EXECUTION` FOREIGN KEY (`EXECUTION_ID_`) REFERENCES `ACT_RU_EXECUTION` (`ID_`) ON DELETE CASCADE ON UPDATE RESTRICT,
  CONSTRAINT `ACT_FK_INT_PROC_DEF` FOREIGN KEY (`PROC_DEF_ID_`) REFERENCES `ACT_RE_PROCDEF` (`ID_`) ON DELETE RESTRICT ON UPDATE RESTRICT,
  CONSTRAINT `ACT_FK_INT_PROC_INST` FOREIGN KEY (`PROCESS_INSTANCE_ID_`) REFERENCES `ACT_RU_EXECUTION` (`ID_`) ON DELETE RESTRICT ON UPDATE RESTRICT
) ENGINE = InnoDB CHARACTER SET = utf8 COLLATE = utf8_bin ROW_FORMAT = Dynamic;

-- ----------------------------
-- Records of ACT_RU_INTEGRATION
-- ----------------------------

-- ----------------------------
-- Table structure for ACT_RU_JOB
-- ----------------------------
DROP TABLE IF EXISTS `ACT_RU_JOB`;
CREATE TABLE `ACT_RU_JOB`  (
  `ID_` varchar(64) CHARACTER SET utf8 COLLATE utf8_bin NOT NULL,
  `REV_` int(11) NULL DEFAULT NULL,
  `TYPE_` varchar(255) CHARACTER SET utf8 COLLATE utf8_bin NOT NULL,
  `LOCK_EXP_TIME_` timestamp(3) NULL DEFAULT NULL,
  `LOCK_OWNER_` varchar(255) CHARACTER SET utf8 COLLATE utf8_bin NULL DEFAULT NULL,
  `EXCLUSIVE_` tinyint(1) NULL DEFAULT NULL,
  `EXECUTION_ID_` varchar(64) CHARACTER SET utf8 COLLATE utf8_bin NULL DEFAULT NULL,
  `PROCESS_INSTANCE_ID_` varchar(64) CHARACTER SET utf8 COLLATE utf8_bin NULL DEFAULT NULL,
  `PROC_DEF_ID_` varchar(64) CHARACTER SET utf8 COLLATE utf8_bin NULL DEFAULT NULL,
  `RETRIES_` int(11) NULL DEFAULT NULL,
  `EXCEPTION_STACK_ID_` varchar(64) CHARACTER SET utf8 COLLATE utf8_bin NULL DEFAULT NULL,
  `EXCEPTION_MSG_` varchar(4000) CHARACTER SET utf8 COLLATE utf8_bin NULL DEFAULT NULL,
  `DUEDATE_` timestamp(3) NULL DEFAULT NULL,
  `REPEAT_` varchar(255) CHARACTER SET utf8 COLLATE utf8_bin NULL DEFAULT NULL,
  `HANDLER_TYPE_` varchar(255) CHARACTER SET utf8 COLLATE utf8_bin NULL DEFAULT NULL,
  `HANDLER_CFG_` varchar(4000) CHARACTER SET utf8 COLLATE utf8_bin NULL DEFAULT NULL,
  `TENANT_ID_` varchar(255) CHARACTER SET utf8 COLLATE utf8_bin NULL DEFAULT '',
  PRIMARY KEY (`ID_`) USING BTREE,
  INDEX `ACT_FK_JOB_EXECUTION`(`EXECUTION_ID_`) USING BTREE,
  INDEX `ACT_FK_JOB_PROCESS_INSTANCE`(`PROCESS_INSTANCE_ID_`) USING BTREE,
  INDEX `ACT_FK_JOB_PROC_DEF`(`PROC_DEF_ID_`) USING BTREE,
  INDEX `ACT_FK_JOB_EXCEPTION`(`EXCEPTION_STACK_ID_`) USING BTREE,
  CONSTRAINT `ACT_FK_JOB_EXCEPTION` FOREIGN KEY (`EXCEPTION_STACK_ID_`) REFERENCES `ACT_GE_BYTEARRAY` (`ID_`) ON DELETE RESTRICT ON UPDATE RESTRICT,
  CONSTRAINT `ACT_FK_JOB_EXECUTION` FOREIGN KEY (`EXECUTION_ID_`) REFERENCES `ACT_RU_EXECUTION` (`ID_`) ON DELETE RESTRICT ON UPDATE RESTRICT,
  CONSTRAINT `ACT_FK_JOB_PROCESS_INSTANCE` FOREIGN KEY (`PROCESS_INSTANCE_ID_`) REFERENCES `ACT_RU_EXECUTION` (`ID_`) ON DELETE RESTRICT ON UPDATE RESTRICT,
  CONSTRAINT `ACT_FK_JOB_PROC_DEF` FOREIGN KEY (`PROC_DEF_ID_`) REFERENCES `ACT_RE_PROCDEF` (`ID_`) ON DELETE RESTRICT ON UPDATE RESTRICT
) ENGINE = InnoDB CHARACTER SET = utf8 COLLATE = utf8_bin ROW_FORMAT = Dynamic;

-- ----------------------------
-- Records of ACT_RU_JOB
-- ----------------------------

-- ----------------------------
-- Table structure for ACT_RU_SUSPENDED_JOB
-- ----------------------------
DROP TABLE IF EXISTS `ACT_RU_SUSPENDED_JOB`;
CREATE TABLE `ACT_RU_SUSPENDED_JOB`  (
  `ID_` varchar(64) CHARACTER SET utf8 COLLATE utf8_bin NOT NULL,
  `REV_` int(11) NULL DEFAULT NULL,
  `TYPE_` varchar(255) CHARACTER SET utf8 COLLATE utf8_bin NOT NULL,
  `EXCLUSIVE_` tinyint(1) NULL DEFAULT NULL,
  `EXECUTION_ID_` varchar(64) CHARACTER SET utf8 COLLATE utf8_bin NULL DEFAULT NULL,
  `PROCESS_INSTANCE_ID_` varchar(64) CHARACTER SET utf8 COLLATE utf8_bin NULL DEFAULT NULL,
  `PROC_DEF_ID_` varchar(64) CHARACTER SET utf8 COLLATE utf8_bin NULL DEFAULT NULL,
  `RETRIES_` int(11) NULL DEFAULT NULL,
  `EXCEPTION_STACK_ID_` varchar(64) CHARACTER SET utf8 COLLATE utf8_bin NULL DEFAULT NULL,
  `EXCEPTION_MSG_` varchar(4000) CHARACTER SET utf8 COLLATE utf8_bin NULL DEFAULT NULL,
  `DUEDATE_` timestamp(3) NULL DEFAULT NULL,
  `REPEAT_` varchar(255) CHARACTER SET utf8 COLLATE utf8_bin NULL DEFAULT NULL,
  `HANDLER_TYPE_` varchar(255) CHARACTER SET utf8 COLLATE utf8_bin NULL DEFAULT NULL,
  `HANDLER_CFG_` varchar(4000) CHARACTER SET utf8 COLLATE utf8_bin NULL DEFAULT NULL,
  `TENANT_ID_` varchar(255) CHARACTER SET utf8 COLLATE utf8_bin NULL DEFAULT '',
  PRIMARY KEY (`ID_`) USING BTREE,
  INDEX `ACT_FK_SUSPENDED_JOB_EXECUTION`(`EXECUTION_ID_`) USING BTREE,
  INDEX `ACT_FK_SUSPENDED_JOB_PROCESS_INSTANCE`(`PROCESS_INSTANCE_ID_`) USING BTREE,
  INDEX `ACT_FK_SUSPENDED_JOB_PROC_DEF`(`PROC_DEF_ID_`) USING BTREE,
  INDEX `ACT_FK_SUSPENDED_JOB_EXCEPTION`(`EXCEPTION_STACK_ID_`) USING BTREE,
  CONSTRAINT `ACT_FK_SUSPENDED_JOB_EXCEPTION` FOREIGN KEY (`EXCEPTION_STACK_ID_`) REFERENCES `ACT_GE_BYTEARRAY` (`ID_`) ON DELETE RESTRICT ON UPDATE RESTRICT,
  CONSTRAINT `ACT_FK_SUSPENDED_JOB_EXECUTION` FOREIGN KEY (`EXECUTION_ID_`) REFERENCES `ACT_RU_EXECUTION` (`ID_`) ON DELETE RESTRICT ON UPDATE RESTRICT,
  CONSTRAINT `ACT_FK_SUSPENDED_JOB_PROCESS_INSTANCE` FOREIGN KEY (`PROCESS_INSTANCE_ID_`) REFERENCES `ACT_RU_EXECUTION` (`ID_`) ON DELETE RESTRICT ON UPDATE RESTRICT,
  CONSTRAINT `ACT_FK_SUSPENDED_JOB_PROC_DEF` FOREIGN KEY (`PROC_DEF_ID_`) REFERENCES `ACT_RE_PROCDEF` (`ID_`) ON DELETE RESTRICT ON UPDATE RESTRICT
) ENGINE = InnoDB CHARACTER SET = utf8 COLLATE = utf8_bin ROW_FORMAT = Dynamic;

-- ----------------------------
-- Records of ACT_RU_SUSPENDED_JOB
-- ----------------------------

-- ----------------------------
-- Table structure for ACT_RU_TASK
-- ----------------------------
DROP TABLE IF EXISTS `ACT_RU_TASK`;
CREATE TABLE `ACT_RU_TASK`  (
  `ID_` varchar(64) CHARACTER SET utf8 COLLATE utf8_bin NOT NULL,
  `REV_` int(11) NULL DEFAULT NULL,
  `EXECUTION_ID_` varchar(64) CHARACTER SET utf8 COLLATE utf8_bin NULL DEFAULT NULL,
  `PROC_INST_ID_` varchar(64) CHARACTER SET utf8 COLLATE utf8_bin NULL DEFAULT NULL,
  `PROC_DEF_ID_` varchar(64) CHARACTER SET utf8 COLLATE utf8_bin NULL DEFAULT NULL,
  `NAME_` varchar(255) CHARACTER SET utf8 COLLATE utf8_bin NULL DEFAULT NULL,
  `PARENT_TASK_ID_` varchar(64) CHARACTER SET utf8 COLLATE utf8_bin NULL DEFAULT NULL,
  `DESCRIPTION_` varchar(4000) CHARACTER SET utf8 COLLATE utf8_bin NULL DEFAULT NULL,
  `TASK_DEF_KEY_` varchar(255) CHARACTER SET utf8 COLLATE utf8_bin NULL DEFAULT NULL,
  `OWNER_` varchar(255) CHARACTER SET utf8 COLLATE utf8_bin NULL DEFAULT NULL,
  `ASSIGNEE_` varchar(255) CHARACTER SET utf8 COLLATE utf8_bin NULL DEFAULT NULL,
  `DELEGATION_` varchar(64) CHARACTER SET utf8 COLLATE utf8_bin NULL DEFAULT NULL,
  `PRIORITY_` int(11) NULL DEFAULT NULL,
  `CREATE_TIME_` timestamp(3) NULL DEFAULT NULL,
  `DUE_DATE_` datetime(3) NULL DEFAULT NULL,
  `CATEGORY_` varchar(255) CHARACTER SET utf8 COLLATE utf8_bin NULL DEFAULT NULL,
  `SUSPENSION_STATE_` int(11) NULL DEFAULT NULL,
  `TENANT_ID_` varchar(255) CHARACTER SET utf8 COLLATE utf8_bin NULL DEFAULT '',
  `FORM_KEY_` varchar(255) CHARACTER SET utf8 COLLATE utf8_bin NULL DEFAULT NULL,
  `CLAIM_TIME_` datetime(3) NULL DEFAULT NULL,
  PRIMARY KEY (`ID_`) USING BTREE,
  INDEX `ACT_IDX_TASK_CREATE`(`CREATE_TIME_`) USING BTREE,
  INDEX `ACT_FK_TASK_EXE`(`EXECUTION_ID_`) USING BTREE,
  INDEX `ACT_FK_TASK_PROCINST`(`PROC_INST_ID_`) USING BTREE,
  INDEX `ACT_FK_TASK_PROCDEF`(`PROC_DEF_ID_`) USING BTREE,
  CONSTRAINT `ACT_FK_TASK_EXE` FOREIGN KEY (`EXECUTION_ID_`) REFERENCES `ACT_RU_EXECUTION` (`ID_`) ON DELETE RESTRICT ON UPDATE RESTRICT,
  CONSTRAINT `ACT_FK_TASK_PROCDEF` FOREIGN KEY (`PROC_DEF_ID_`) REFERENCES `ACT_RE_PROCDEF` (`ID_`) ON DELETE RESTRICT ON UPDATE RESTRICT,
  CONSTRAINT `ACT_FK_TASK_PROCINST` FOREIGN KEY (`PROC_INST_ID_`) REFERENCES `ACT_RU_EXECUTION` (`ID_`) ON DELETE RESTRICT ON UPDATE RESTRICT
) ENGINE = InnoDB CHARACTER SET = utf8 COLLATE = utf8_bin ROW_FORMAT = Dynamic;

-- ----------------------------
-- Records of ACT_RU_TASK
-- ----------------------------
INSERT INTO `ACT_RU_TASK` VALUES ('35005', 4, '35002', '35001', 'myEvection:1:4', '', NULL, NULL, '_3', NULL, 'zhangsan', NULL, 50, '2021-04-15 20:33:30.097', NULL, NULL, 2, '', NULL, NULL);
INSERT INTO `ACT_RU_TASK` VALUES ('40009', 1, '40006', '40001', 'myEvection1:1:37503', '', NULL, NULL, '_3', NULL, '', NULL, 50, '2021-04-15 21:28:35.546', NULL, NULL, 1, '', NULL, NULL);
INSERT INTO `ACT_RU_TASK` VALUES ('45005', 1, '45002', '45001', 'testListener:1:42503', '', NULL, NULL, '_4', NULL, '', NULL, 50, '2021-04-15 22:12:04.195', NULL, NULL, 1, '', NULL, NULL);
INSERT INTO `ACT_RU_TASK` VALUES ('55002', 1, '50009', '50001', 'myEvection2:1:47503', '', NULL, NULL, '_6', NULL, '', NULL, 50, '2021-04-15 22:33:19.952', NULL, NULL, 1, '', NULL, NULL);
INSERT INTO `ACT_RU_TASK` VALUES ('65002', 1, '60006', '60001', 'myEvection2:2:57503', '', NULL, NULL, '_6', NULL, '3', NULL, 50, '2021-04-15 22:38:21.787', NULL, NULL, 1, '', NULL, NULL);
INSERT INTO `ACT_RU_TASK` VALUES ('72502', 3, '70002', '70001', 'testCandidate:1:67503', '', NULL, NULL, '_4', NULL, NULL, NULL, 50, '2021-04-15 23:11:09.198', NULL, NULL, 1, '', NULL, '2021-04-15 23:15:44.840');
INSERT INTO `ACT_RU_TASK` VALUES ('80008', 1, '80005', '80001', 'exclusive:1:77503', '', NULL, NULL, '_3', NULL, 'tom', NULL, 50, '2021-04-16 02:37:32.436', NULL, NULL, 1, '', NULL, NULL);

-- ----------------------------
-- Table structure for ACT_RU_TIMER_JOB
-- ----------------------------
DROP TABLE IF EXISTS `ACT_RU_TIMER_JOB`;
CREATE TABLE `ACT_RU_TIMER_JOB`  (
  `ID_` varchar(64) CHARACTER SET utf8 COLLATE utf8_bin NOT NULL,
  `REV_` int(11) NULL DEFAULT NULL,
  `TYPE_` varchar(255) CHARACTER SET utf8 COLLATE utf8_bin NOT NULL,
  `LOCK_EXP_TIME_` timestamp(3) NULL DEFAULT NULL,
  `LOCK_OWNER_` varchar(255) CHARACTER SET utf8 COLLATE utf8_bin NULL DEFAULT NULL,
  `EXCLUSIVE_` tinyint(1) NULL DEFAULT NULL,
  `EXECUTION_ID_` varchar(64) CHARACTER SET utf8 COLLATE utf8_bin NULL DEFAULT NULL,
  `PROCESS_INSTANCE_ID_` varchar(64) CHARACTER SET utf8 COLLATE utf8_bin NULL DEFAULT NULL,
  `PROC_DEF_ID_` varchar(64) CHARACTER SET utf8 COLLATE utf8_bin NULL DEFAULT NULL,
  `RETRIES_` int(11) NULL DEFAULT NULL,
  `EXCEPTION_STACK_ID_` varchar(64) CHARACTER SET utf8 COLLATE utf8_bin NULL DEFAULT NULL,
  `EXCEPTION_MSG_` varchar(4000) CHARACTER SET utf8 COLLATE utf8_bin NULL DEFAULT NULL,
  `DUEDATE_` timestamp(3) NULL DEFAULT NULL,
  `REPEAT_` varchar(255) CHARACTER SET utf8 COLLATE utf8_bin NULL DEFAULT NULL,
  `HANDLER_TYPE_` varchar(255) CHARACTER SET utf8 COLLATE utf8_bin NULL DEFAULT NULL,
  `HANDLER_CFG_` varchar(4000) CHARACTER SET utf8 COLLATE utf8_bin NULL DEFAULT NULL,
  `TENANT_ID_` varchar(255) CHARACTER SET utf8 COLLATE utf8_bin NULL DEFAULT '',
  PRIMARY KEY (`ID_`) USING BTREE,
  INDEX `ACT_FK_TIMER_JOB_EXECUTION`(`EXECUTION_ID_`) USING BTREE,
  INDEX `ACT_FK_TIMER_JOB_PROCESS_INSTANCE`(`PROCESS_INSTANCE_ID_`) USING BTREE,
  INDEX `ACT_FK_TIMER_JOB_PROC_DEF`(`PROC_DEF_ID_`) USING BTREE,
  INDEX `ACT_FK_TIMER_JOB_EXCEPTION`(`EXCEPTION_STACK_ID_`) USING BTREE,
  CONSTRAINT `ACT_FK_TIMER_JOB_EXCEPTION` FOREIGN KEY (`EXCEPTION_STACK_ID_`) REFERENCES `ACT_GE_BYTEARRAY` (`ID_`) ON DELETE RESTRICT ON UPDATE RESTRICT,
  CONSTRAINT `ACT_FK_TIMER_JOB_EXECUTION` FOREIGN KEY (`EXECUTION_ID_`) REFERENCES `ACT_RU_EXECUTION` (`ID_`) ON DELETE RESTRICT ON UPDATE RESTRICT,
  CONSTRAINT `ACT_FK_TIMER_JOB_PROCESS_INSTANCE` FOREIGN KEY (`PROCESS_INSTANCE_ID_`) REFERENCES `ACT_RU_EXECUTION` (`ID_`) ON DELETE RESTRICT ON UPDATE RESTRICT,
  CONSTRAINT `ACT_FK_TIMER_JOB_PROC_DEF` FOREIGN KEY (`PROC_DEF_ID_`) REFERENCES `ACT_RE_PROCDEF` (`ID_`) ON DELETE RESTRICT ON UPDATE RESTRICT
) ENGINE = InnoDB CHARACTER SET = utf8 COLLATE = utf8_bin ROW_FORMAT = Dynamic;

-- ----------------------------
-- Records of ACT_RU_TIMER_JOB
-- ----------------------------

-- ----------------------------
-- Table structure for ACT_RU_VARIABLE
-- ----------------------------
DROP TABLE IF EXISTS `ACT_RU_VARIABLE`;
CREATE TABLE `ACT_RU_VARIABLE`  (
  `ID_` varchar(64) CHARACTER SET utf8 COLLATE utf8_bin NOT NULL,
  `REV_` int(11) NULL DEFAULT NULL,
  `TYPE_` varchar(255) CHARACTER SET utf8 COLLATE utf8_bin NOT NULL,
  `NAME_` varchar(255) CHARACTER SET utf8 COLLATE utf8_bin NOT NULL,
  `EXECUTION_ID_` varchar(64) CHARACTER SET utf8 COLLATE utf8_bin NULL DEFAULT NULL,
  `PROC_INST_ID_` varchar(64) CHARACTER SET utf8 COLLATE utf8_bin NULL DEFAULT NULL,
  `TASK_ID_` varchar(64) CHARACTER SET utf8 COLLATE utf8_bin NULL DEFAULT NULL,
  `BYTEARRAY_ID_` varchar(64) CHARACTER SET utf8 COLLATE utf8_bin NULL DEFAULT NULL,
  `DOUBLE_` double NULL DEFAULT NULL,
  `LONG_` bigint(20) NULL DEFAULT NULL,
  `TEXT_` varchar(4000) CHARACTER SET utf8 COLLATE utf8_bin NULL DEFAULT NULL,
  `TEXT2_` varchar(4000) CHARACTER SET utf8 COLLATE utf8_bin NULL DEFAULT NULL,
  PRIMARY KEY (`ID_`) USING BTREE,
  INDEX `ACT_IDX_VARIABLE_TASK_ID`(`TASK_ID_`) USING BTREE,
  INDEX `ACT_FK_VAR_EXE`(`EXECUTION_ID_`) USING BTREE,
  INDEX `ACT_FK_VAR_PROCINST`(`PROC_INST_ID_`) USING BTREE,
  INDEX `ACT_FK_VAR_BYTEARRAY`(`BYTEARRAY_ID_`) USING BTREE,
  CONSTRAINT `ACT_FK_VAR_BYTEARRAY` FOREIGN KEY (`BYTEARRAY_ID_`) REFERENCES `ACT_GE_BYTEARRAY` (`ID_`) ON DELETE RESTRICT ON UPDATE RESTRICT,
  CONSTRAINT `ACT_FK_VAR_EXE` FOREIGN KEY (`EXECUTION_ID_`) REFERENCES `ACT_RU_EXECUTION` (`ID_`) ON DELETE RESTRICT ON UPDATE RESTRICT,
  CONSTRAINT `ACT_FK_VAR_PROCINST` FOREIGN KEY (`PROC_INST_ID_`) REFERENCES `ACT_RU_EXECUTION` (`ID_`) ON DELETE RESTRICT ON UPDATE RESTRICT
) ENGINE = InnoDB CHARACTER SET = utf8 COLLATE = utf8_bin ROW_FORMAT = Dynamic;

-- ----------------------------
-- Records of ACT_RU_VARIABLE
-- ----------------------------
INSERT INTO `ACT_RU_VARIABLE` VALUES ('40002', 1, 'string', 'assignee3', '40001', '40001', NULL, NULL, NULL, NULL, '', NULL);
INSERT INTO `ACT_RU_VARIABLE` VALUES ('40003', 1, 'string', 'assignee0', '40001', '40001', NULL, NULL, NULL, NULL, '', NULL);
INSERT INTO `ACT_RU_VARIABLE` VALUES ('40004', 1, 'string', 'assignee2', '40001', '40001', NULL, NULL, NULL, NULL, '', NULL);
INSERT INTO `ACT_RU_VARIABLE` VALUES ('40005', 1, 'string', 'assignee1', '40001', '40001', NULL, NULL, NULL, NULL, '', NULL);
INSERT INTO `ACT_RU_VARIABLE` VALUES ('50002', 1, 'string', 'assignee3', '50001', '50001', NULL, NULL, NULL, NULL, '', NULL);
INSERT INTO `ACT_RU_VARIABLE` VALUES ('50004', 1, 'serializable', 'evection', '50001', '50001', NULL, '50003', NULL, NULL, NULL, NULL);
INSERT INTO `ACT_RU_VARIABLE` VALUES ('50006', 1, 'string', 'assignee0', '50001', '50001', NULL, NULL, NULL, NULL, '', NULL);
INSERT INTO `ACT_RU_VARIABLE` VALUES ('50007', 1, 'string', 'assignee2', '50001', '50001', NULL, NULL, NULL, NULL, '', NULL);
INSERT INTO `ACT_RU_VARIABLE` VALUES ('50008', 1, 'string', 'assignee1', '50001', '50001', NULL, NULL, NULL, NULL, '', NULL);
INSERT INTO `ACT_RU_VARIABLE` VALUES ('60002', 1, 'string', 'assignee3', '60001', '60001', NULL, NULL, NULL, NULL, '3', NULL);
INSERT INTO `ACT_RU_VARIABLE` VALUES ('60003', 1, 'string', 'assignee0', '60001', '60001', NULL, NULL, NULL, NULL, '3', NULL);
INSERT INTO `ACT_RU_VARIABLE` VALUES ('60004', 1, 'string', 'assignee2', '60001', '60001', NULL, NULL, NULL, NULL, '3', NULL);
INSERT INTO `ACT_RU_VARIABLE` VALUES ('60005', 1, 'string', 'assignee1', '60001', '60001', NULL, NULL, NULL, NULL, '3', NULL);
INSERT INTO `ACT_RU_VARIABLE` VALUES ('62502', 1, 'serializable', 'evection', '60001', '60001', NULL, '62501', NULL, NULL, NULL, NULL);
INSERT INTO `ACT_RU_VARIABLE` VALUES ('80003', 1, 'serializable', 'evection', '80001', '80001', NULL, '80002', NULL, NULL, NULL, NULL);

SET FOREIGN_KEY_CHECKS = 1;
